Area,YearBin,gdp-2_pop2,gdp-2_pop0,gdp0_pop2,gdp0_pop0,gdp2_pop2,gdp2_pop0
Afghanistan,2020,44.847561195104376,36.13517818574514,38.07101331893448,29.126358891288696,35.89408747300216,25.181704463642916
Afghanistan,2025,104.29478041756657,46.29397048236141,100.38117350611951,40.61263498920087,106.0467512598992,43.475266978641706
Afghanistan,2030,141.54834413246945,67.67302015838732,146.27142728581717,66.43018058555315,148.60966522678189,75.0411417086633
Albania,2020,6.9099115945262675,7.19322489580832,6.713086674654473,6.996399975936526,6.6685053445262685,6.951818645808322
Albania,2025,5.789930863451786,6.951818645808322,5.4915434435799915,6.951818645808322,5.851406318196473,7.160774513658421
Albania,2030,11.13026466493343,6.469386754782678,10.982784251828015,6.678342622632776,10.982784251828015,6.9893235254105575
Algeria,2020,173.18502891076727,167.3598999843726,173.18502891076727,167.3598999843726,185.62947335521173,182.9946866697922
Algeria,2025,547.075324269417,173.18502891076727,557.8193467729333,185.62947335521173,565.4002187841851,185.62947335521173
Algeria,2030,798.0864978902956,331.1017346460385,815.4582747304268,354.5752461322082,853.0930614158463,353.4908579465541
Angola,2020,80.69257294429703,81.30337248957935,81.00574712643673,81.61654667171905,80.71025641025636,81.3210559555387
Angola,2025,59.143913940465666,65.04759799587384,59.457088122605356,65.28455643972886,57.22808723843206,64.02107279693489
Angola,2030,40.63156498673738,53.175891541408774,40.68629531388151,51.12991452991452,42.42015915119362,50.33230179781903
Argentina,2020,11.532555391129199,10.089397643383412,11.555462038064702,10.11813114936442,11.533164282484485,10.06096472933729
Argentina,2025,13.601772721667281,11.161158444139772,13.561786286841775,11.162229784625652,13.561786286841775,11.162229784625652
Argentina,2030,17.51105253422123,11.647313170551245,17.52538845726969,11.657201874460478,17.419348871624113,11.657201874460478
Armenia,2020,44.22408427773312,50.00354317984686,43.11454221600224,48.894001118115966,43.11454221600224,48.894001118115966
Armenia,2025,41.153656375552146,48.08168183898209,40.861140741095824,47.400490258052756,40.84432949773627,47.38367901469321
Armenia,2030,38.0426461319012,44.32091703948418,38.02583488854164,44.304105796124624,37.88546100648932,44.16373191407231
Australia,2020,14.542609806286814,12.02297436867791,14.356307702011245,11.861199807627113,14.356307702011245,11.861199807627113
Australia,2025,14.101292735295438,13.328786815624257,13.949704476348913,13.167012254573457,13.857570477594606,13.074878255819153
Australia,2030,14.54771412652985,14.313730746285916,14.54771412652985,14.313730746285916,14.455580127775544,14.221596747531612
Austria,2020,17.707483166395328,8.590313887191476,17.707483166395328,8.590313887191476,17.314065709148085,8.453351558739786
Austria,2025,21.224107870904653,11.326611986255532,20.57620789853659,11.189649657803843,20.57620789853659,10.915725000900462
Austria,2030,22.601048576264812,11.326611986255532,22.207575855132504,11.189649657803843,22.374657000937056,10.915725000900462
Azerbaijan,2020,35.210609983746785,40.79974954176051,35.210609983746785,40.79974954176051,35.09140468573354,40.56133894573403
Azerbaijan,2025,34.59666590721993,36.404311719832634,34.59666590721993,36.404311719832634,37.094164067632,37.15957294131902
Azerbaijan,2030,33.71141387662498,36.067269292061724,36.71686886804024,36.80678364084759,37.0453211613932,36.68161807793369
Bangladesh,2020,9.109754800276576,8.908808042125413,9.109754800276576,8.908808042125413,9.079915961916916,8.878969203765752
Bangladesh,2025,14.313263478892956,8.771740864847612,14.313263478892956,8.881203127493214,14.918887293229076,9.486826941829332
Bangladesh,2030,27.449887417335955,9.685539776253032,30.41994220165594,9.919463503714336,31.001294257397653,10.430039182312996
Belarus,2020,16.766680304332745,10.78637923637924,16.766680304332745,10.039400550376165,16.766680304332745,10.164720992769777
Belarus,2025,19.575642650490213,10.53028167540363,19.935069150160615,10.897087505624091,19.9937375746827,10.897087505624091
Belarus,2030,18.40436161335552,10.53028167540363,18.76378811302592,10.897087505624091,19.640205383955387,10.824378210963577
Belgium,2020,86.3458686568062,85.3348121457497,87.27693608787361,86.35269366363119,87.27693608787361,86.35269366363119
Belgium,2025,126.92193173286927,85.5416098525474,127.47257328351081,86.35269366363119,127.47257328351081,86.35269366363119
Belgium,2030,188.2648102648103,85.5416098525474,188.05801255801262,86.35269366363119,181.17881517881526,86.35269366363119
Belize,2020,1.365943763315798,1.4312205007273668,1.3759661559599137,1.40162852244625,1.4684046202252612,1.4684046202252612
Belize,2025,1.6697222247627992,1.3759661559599137,3.2542955204888204,2.920464545318894,3.2605238461928026,2.9356955066172707
Belize,2030,2.3457918578392984,1.6697222247627992,2.455264584831792,1.781705702206119,2.230709167991731,1.700098336413359
Benin,2020,20.436542421056394,27.237224362375045,33.01081560031296,38.865293282233445,44.88794982639825,46.89736624300239
Benin,2025,41.645244644494454,55.488976815327156,54.14486955072102,70.25557543899863,58.284554471951324,73.15483636534135
Benin,2030,46.17339334833709,50.72578978077854,50.246695007085115,58.57227640243395,48.18843044094358,59.59503209135617
Bhutan,2020,0.7392903333108347,0.7484671874265643,0.7231615639546816,0.7323384180704111,0.761947220026401,0.7549953047859774
Bhutan,2025,0.9210151418976762,0.7317597709636465,1.190045296746902,0.9952561034819837,1.1565000644730632,0.996770094245363
Bhutan,2030,0.9973254327719444,0.6726318166034183,0.8756872909626531,0.6741458073667979,0.8942821638973795,0.7214889206512316
Bolivia (Plurinational State of),2020,4.250395841721693,4.357141426088474,4.242729550853601,4.349475135220379,4.2177201558893005,4.3032894907258274
Bolivia (Plurinational State of),2025,9.423855693348369,4.1480095207897145,9.336614054866594,4.1268332712594615,11.993576349743204,4.121384191965963
Bolivia (Plurinational State of),2030,9.493423524990607,5.002300639416796,10.86544532130778,4.996851560123298,10.692653137918079,5.020329575906839
Bosnia and Herzegovina,2020,3.1932296032841676,3.948035722721762,3.1932296032841676,4.106689994523444,3.670321683895504,4.583782075134781
Bosnia and Herzegovina,2025,2.8576668249362798,3.4208555545057373,3.087280469124957,4.056601906918756,3.11512095901724,4.596564279650053
Bosnia and Herzegovina,2030,4.1334494967182875,3.5103020893539987,4.316292199979317,4.369256842731062,4.4404363640637206,4.562328998552222
Botswana,2020,10.111328695537448,3.9559089930624305,10.102614554228934,3.8926210894524518,10.102614554228934,4.4860889691275885
Botswana,2025,11.041917655301352,10.102614554228934,11.041917655301352,10.102614554228934,11.254683789326505,10.315380688254086
Botswana,2030,12.951972778469512,11.205081237161995,13.164738912494665,11.417847371187147,13.164738912494665,11.417847371187147
Brazil,2020,13.705122143420022,4.906966115051221,13.705122143420022,4.906966115051221,13.705122143420022,4.906966115051221
Brazil,2025,17.19829261886,7.0970843183609125,17.19829261886,7.0970843183609125,17.19829261886,7.11494089834515
Brazil,2030,19.807407407407407,10.331704754399793,19.807407407407407,10.331704754399793,19.80039401103231,10.349561334384033
Brunei Darussalam,2020,5.515435217535819,3.082577057944429,5.515435217535819,3.082577057944429,5.465824566945516,3.0430141340559578
Brunei Darussalam,2025,9.142504877480382,4.733461225689937,8.568035764578717,4.158992112788271,8.560894701672769,4.151851049882324
Brunei Darussalam,2030,7.768952092661582,6.347377327171975,7.159943919222363,5.465824566945516,7.20084354960956,5.506724197332713
Bulgaria,2020,45.56868850204445,53.94486865355908,45.56868850204445,53.94486865355908,45.10868899481307,54.2513707355065
Bulgaria,2025,45.22869145083443,53.94486865355908,44.95692955663187,54.2513707355065,44.95692955663187,54.2513707355065
Bulgaria,2030,46.198859003897994,59.40351304708409,46.505361085845415,59.40351304708409,46.545963956664856,59.990236217885915
Burkina Faso,2020,53.79563150626728,54.07968716804759,54.76846983216488,55.0525254939452,59.85371521138731,65.11716326747398
Burkina Faso,2025,68.90279105587425,58.62881612492034,75.02372795835991,62.243220203951566,67.03910930529001,54.25860155088167
Burkina Faso,2030,53.963976524325474,65.85717813894202,39.64395315487572,48.1998380072233,39.92499203314213,52.02091300191205
Burundi,2020,74.23737073618025,57.84271365177024,70.62181841059885,54.22716132618885,73.22635601961046,69.89694441323665
Burundi,2025,337.71406653746794,166.68419744755144,337.71406653746794,149.60918863853098,337.71406653746794,152.50361803423218
Burundi,2030,289.72125322997425,303.7655038759691,289.72125322997425,303.7655038759691,224.83058785529732,212.06169250646008
Cambodia,2020,5.99532141538786,6.047144439171016,5.884864209249592,6.128919474766652,5.884864209249592,6.128919474766652
Cambodia,2025,6.077080630701894,5.790920740389177,6.619874492432631,6.045880398671097,6.075609344512999,5.983445657332702
Cambodia,2030,5.314628487053736,6.090875916257976,6.3446184675420545,6.9469219005431615,6.132958920002109,6.662701049412012
Cameroon,2020,12.174523991710503,12.519086402040488,13.684143449249618,14.219054974835464,10.295286443032497,11.697199403338571
Cameroon,2025,11.416248206599711,13.917907198651818,8.57593256814921,10.459179317255355,11.215243902439022,13.755209924620253
Cameroon,2030,16.916220309261913,13.940788754526197,15.1304798342101,16.080578328892532,18.78200223178702,18.153187128509938
Canada,2020,3.810924994783358,3.798898447123443,3.810924994783358,3.7984521718059003,3.810924994783358,3.7984521718059003
Canada,2025,3.9650616236882668,3.787409718435949,3.9650616236882668,3.787409718435949,3.9414635541824,3.7638116489300835
Canada,2030,4.261361826295915,3.81360264668861,4.261361826295915,3.794412808034302,4.25590353587367,3.7708147385284354
Central African Republic,2020,8.197159805774332,6.476658409834332,8.614027089724948,6.8935256937849525,8.60906138327776,7.061540954415954
Central African Republic,2025,7.589214529428591,6.7556766096152066,7.740620908029414,6.750027359174291,9.324040028828453,9.53780544867952
Central African Republic,2030,9.33874873724752,5.558988338010271,10.858679428172362,8.11158785608693,11.224510446690882,7.898010739684812
Chad,2020,87.38654513888889,83.45374348958332,104.97254774305551,101.19697265624997,160.4845106336805,162.90649414062494
Chad,2025,78.34169921875,62.345817057291676,143.26164822048602,137.4525282118055,156.0052191840277,142.08371310763883
Chad,2030,73.07493489583332,78.33084852430554,133.34209526909717,152.25412326388886,136.22515190972214,154.80254448784717
Chile,2020,8.596901980700865,8.596901980700865,8.397223632977825,8.397223632977825,8.289385474860337,8.289385474860337
Chile,2025,8.442669713898766,8.397223632977825,8.334831555781278,8.289385474860337,8.042297274420182,7.99685119349924
Chile,2030,7.157144066361943,8.289385474860337,6.864609785000846,7.99685119349924,6.864609785000846,7.99685119349924
China,2020,43.35281227173121,43.35281227173121,43.35281227173121,43.35281227173121,43.35281227173121,43.35281227173121
China,2025,43.35281227173121,43.35281227173121,43.35281227173121,43.35281227173121,43.35281227173121,43.35281227173121
China,2030,43.35281227173121,43.35281227173121,43.35281227173121,43.35281227173121,43.35281227173121,43.35281227173121
Colombia,2020,5.36537250499002,3.269496257485029,5.374454341317365,3.2785780938123743,5.379244760479041,3.2833685129740506
Colombia,2025,5.5780501497006,4.748256736526946,5.646064121756487,4.8162707085828345,5.646064121756487,4.902448353293413
Colombia,2030,6.228294411177645,5.374454341317365,6.2330848303393225,5.433386477045909,5.957910179640719,5.327548153692615
Congo,2020,1.4985639750729245,1.2324303409677733,1.6377644523998935,1.3292083839272004,1.6719132193052235,1.3633571508325304
Congo,2025,2.887106138955183,1.4985639750729245,2.9752405860514446,1.6719132193052235,3.009262065765048,1.7086276186687877
Congo,2030,3.5521923892866596,2.828794683107928,3.6403268363829215,2.9169291302041893,4.469191858923362,3.22610574118271
Costa Rica,2020,5.749234075477675,4.353063603529685,5.604782994704068,4.208612522756078,5.5816885692205656,4.185518097272574
Costa Rica,2025,4.690377894211085,5.239563413920279,4.690377894211085,5.072017907663169,4.761367655303234,5.173707327458391
Costa Rica,2030,5.182679271177564,5.749234075477675,5.208902251837405,5.608480378094285,5.258468702641057,5.815976585906192
Croatia,2020,2.7744427559208122,2.3096156371444234,2.758707521742659,2.2693583931841457,2.5759256063234615,2.1152708151659314
Croatia,2025,3.1932770570564144,2.3717211717029927,2.959578437917044,2.1761744266475773,2.961616380706432,2.167496495715311
Croatia,2030,3.62145068978207,2.380928324470478,3.3576646243702823,2.1853815794150626,3.7467932165017643,2.3358349578713318
Cuba,2020,20.486900028657253,21.61452584818054,20.486900028657253,21.61452584818054,21.809504535796425,22.937130355319713
Cuba,2025,24.707467753615997,22.643788643575288,25.009549294988783,23.43241757872065,26.03310186872199,24.39059943165564
Cuba,2030,38.615861001204195,22.945870184948074,43.94143395072348,24.39059943165564,44.29592675420992,24.63315921145953
Cyprus,2020,93.18948067540738,72.66088108985501,93.18948067540738,72.66088108985501,93.18948067540738,72.66088108985501
Cyprus,2025,108.63635644594525,71.42371445356315,108.63635644594525,71.42371445356315,112.82504486098686,75.66756355143083
Cyprus,2030,112.80343570398952,93.18948067540738,116.99212411903113,97.43332977327508,126.10699594774225,98.44301358181733
Czechia,2020,93.08100023916536,47.28915421009304,93.01611783851655,47.15938940879539,93.01611783851655,47.15938940879539
Czechia,2025,97.10016082310696,47.15938940879539,97.10016082310696,47.15938940879539,97.10016082310696,46.54908932769238
Czechia,2030,213.69354418001492,49.68878924658938,213.69354418001492,49.07848916548639,208.75301971394302,46.51843351981637
Côte d'Ivoire,2020,26.83585765713173,27.455238859700323,27.092425082700906,27.711806285269503,28.040907277680475,28.731946390348313
Côte d'Ivoire,2025,30.03031961471103,45.387879451255095,42.67527729130179,54.11456509048451,49.48219497956801,58.43169877408055
Côte d'Ivoire,2030,70.67770967114222,52.42907180385287,78.68593111500292,57.70607122008172,67.17294220665498,54.18490951546993
Democratic Republic of the Congo,2020,9.305901832798614,9.036150754139468,9.606082531253458,9.336331452594312,9.606082531253458,9.336331452594312
Democratic Republic of the Congo,2025,10.978887045027102,9.587760814249364,10.978887045027102,9.587760814249364,12.385750636132315,10.944895453036843
Democratic Republic of the Congo,2030,10.420196924438544,10.988069476712024,10.975970793229338,12.394933067817233,14.055672087620312,16.10993693992698
Denmark,2020,71.34700894735035,142.7101068681484,70.18728296934421,141.47718817335846,70.26047568612806,141.5503808901423
Denmark,2025,66.0564529196391,91.2422676457459,64.89672694163296,90.08254166773978,64.89672694163296,90.08254166773978
Denmark,2030,59.20514729359037,83.17448325778844,58.390652972335644,81.11517191832566,62.327014969811756,81.11517191832566
Dominican Republic,2020,36.981091149251284,37.20905242908576,37.82171222366198,38.049673503496464,37.82171222366198,38.049673503496464
Dominican Republic,2025,70.22382459389394,37.82171222366198,67.24678082434296,40.70888924772662,68.81147453601073,40.81104693633964
Dominican Republic,2030,74.40952979137418,40.406942155433704,90.36632675681672,37.79333098274472,90.32260646813965,37.79333098274472
Ecuador,2020,9.186534807721538,9.737089603283174,9.267291761665907,9.817846557227542,9.208924228606172,9.759479024167806
Ecuador,2025,10.809479024167807,9.438487992096064,10.539179586563309,9.168188554491563,11.201780285757714,9.303687870497036
Ecuador,2030,10.20798943608451,9.54486434108527,10.239954780361758,9.194902340781274,11.406703146374827,10.05516795865633
Egypt,2020,150.62665452337578,126.43114754098357,150.62665452337578,126.43114754098357,150.62665452337578,126.43114754098357
Egypt,2025,153.35282331511834,150.62665452337578,153.35282331511834,150.62665452337578,153.11542197935634,150.38925318761383
Egypt,2030,168.15063752276868,151.14274438372797,164.3811576603926,147.2113539769277,164.3811576603926,147.2113539769277
El Salvador,2020,17.501600187305446,19.153263734820513,19.697253055439596,21.34891660295466,19.975273433896653,21.62693698141172
El Salvador,2025,20.59518731890723,19.661641256134715,23.285997704196713,22.352451641424196,23.37478955281389,22.63017050189415
El Salvador,2030,32.98151751328485,23.93357483305893,34.24500413063921,25.07749397276722,35.594972939123295,24.115246104187474
Equatorial Guinea,2020,3.6400767793889672,3.5925939370088886,4.285581876701293,4.101398385572373,3.9045397595145976,3.673073547759583
Equatorial Guinea,2025,6.968346961539576,4.196992133111549,6.572692549017694,4.007763423400912,6.764505956493753,4.19957683087697
Equatorial Guinea,2030,8.609953094641538,6.675411115591683,8.584620997020282,6.867224523067742,8.773192131374552,6.867224523067742
Eritrea,2020,18.700271120382013,23.46761623046906,19.824202251974434,25.701698411728664,19.824202251974434,25.701698411728664
Eritrea,2025,47.0518888446956,20.493685098876636,54.78614383701508,25.998677418385096,57.473771845207615,28.592763439890465
Eritrea,2030,48.32083405718918,41.51798745422739,58.742717057701206,49.617065795241196,59.915272101224005,52.554213772711755
Estonia,2020,14.825577981084255,15.807584327543218,14.825577981084255,15.807584327543218,14.819159403268012,15.801165749726977
Estonia,2025,17.49860012157178,16.719563268838478,17.492181543755535,16.713144691022233,17.863812992382876,16.713144691022233
Estonia,2030,17.2221144732233,16.713144691022233,17.593745921850637,16.713144691022233,17.593745921850637,16.713144691022233
Eswatini,2020,54.368090531473605,53.3537228381363,52.96029984318183,51.94593214984451,54.18642980133793,52.35942594242327
Eswatini,2025,56.4838201424609,54.71376954381929,56.910431939443065,53.305978855527506,58.44449782917346,52.664784517710075
Eswatini,2030,62.314579442065515,55.59136173295831,62.74119123904768,52.81493955915052,63.739047171544144,49.615169527681154
Ethiopia,2020,226.60331294597347,223.1374617737003,226.60331294597347,223.1374617737003,226.60331294597347,223.1374617737003
Ethiopia,2025,233.73073394495412,226.60331294597347,239.36121304791033,231.1226809378185,256.36676860346586,234.90091743119262
Ethiopia,2030,240.8627420998981,250.99118246687053,257.86829765545366,246.16595310907238,257.86829765545366,246.16595310907238
Finland,2020,13.057886021706278,12.377215191995841,13.057886021706278,12.377215191995841,12.624955818560275,11.944284988849846
Finland,2025,12.210392830366747,14.45910595161959,11.777462627220752,14.02617574847359,11.812953892733358,14.061667013986197
Finland,2030,9.252060643139606,21.196280878502844,8.81913043999361,20.758687012405293,8.690305111500273,20.798841940869455
France,2020,38.38863112433978,33.802270273424966,38.453996323207576,33.8305757390061,36.182263853628655,32.1798126586711
France,2025,40.40036184306516,35.37439084887217,36.41804546383029,32.1798126586711,36.6360267296974,32.247804137850544
France,2030,56.94419154337739,35.979894365169685,53.59976947095042,32.79844757652689,53.69023023724065,32.872567043100176
Gabon,2020,1.3110791267497048,1.0019214853537963,1.2930526526221475,0.9838950112262389,1.2930526526221475,0.9838950112262389
Gabon,2025,5.9735626027386495,1.3110791267497048,5.9735626027386495,1.2930526526221475,5.9735626027386495,1.3879985009975988
Gabon,2030,9.19403099114928,4.98706841902425,6.2126029927537685,4.98706841902425,6.2126029927537685,5.302712221671662
Gambia,2020,21.961196531063862,10.20386132603401,24.163472883100987,12.640224962397642,26.64776557074294,13.184737069110707
Gambia,2025,32.179450365370506,32.83262686723122,31.86445833985216,32.51763484171287,37.27888973514481,32.51763484171287
Gambia,2030,32.620149219944956,28.357444420756902,31.908438814454648,29.166032695852362,27.398869436464228,27.734271474617454
Georgia,2020,4.454693827175146,4.5858444236388305,4.502359408065483,4.633510004529168,4.594009788087197,4.7153045515191545
Georgia,2025,4.930052521141331,4.391067007786496,4.909976516798226,4.472861554776483,5.129696706127535,4.539137859000671
Georgia,2030,5.19188899116184,4.405445702442064,5.355040233694191,4.471722006666252,8.425800277125246,4.471722006666252
Germany,2020,56.75488852339182,48.285613121345044,56.75488852339182,48.4272432383041,56.75488852339182,48.4272432383041
Germany,2025,74.41981907894738,48.285613121345044,74.41981907894738,48.4272432383041,93.14194992690061,69.54337993421053
Germany,2030,87.83615070662769,52.34445815058481,87.83615070662769,52.34445815058481,106.55828155458089,71.06658899853804
Ghana,2020,24.146033129904097,21.954162549646416,25.699215344376633,23.589297684781556,36.22914850334205,34.91260486292744
Ghana,2025,32.153346895282375,30.57120023249055,44.856776130969685,42.06974716652135,55.848929574736005,49.33420517291483
Ghana,2030,141.54838709677415,51.25356001162451,150.33057250799183,56.4561174077303,146.7015402499273,50.804853240337096
Greece,2020,18.515332521241735,18.933016017865143,18.515332521241735,18.771305855345762,18.515332521241735,18.771305855345762
Greece,2025,19.253720140096682,18.73413207424117,19.253720140096682,18.572421911721783,19.253720140096682,18.510179009300852
Greece,2030,33.408663375576815,18.98698122118297,33.408663375576815,18.98698122118297,32.521505329406025,18.717068316635228
Guatemala,2020,21.92787760116716,21.360516010135907,22.151961913537583,21.58460032250633,23.348383628964136,22.781022037932882
Guatemala,2025,24.50064309298932,21.92787760116716,25.28229862550871,23.348383628964136,24.171475466482374,22.38925362819626
Guatemala,2030,28.491102280580513,24.91690662673731,28.903008139445593,24.743290716424788,30.1133091453582,26.572650310988248
Guinea,2020,6.673477018043685,2.734009600276267,6.69211975308642,2.759463568530235,6.262683855650522,2.681508479175146
Guinea,2025,12.84701965811966,8.880964957264958,11.24916923076923,7.6756307692307715,19.080316239316243,18.454815384615387
Guinea,2030,11.351138461538461,10.198861538461538,26.20070341880343,20.019261538461542,26.978554700854705,20.910984615384624
Guinea-Bissau,2020,4.3302657044601505,3.8548774365077803,5.0310254385532165,4.555637170600848,4.806269082061993,4.341517091412568
Guinea-Bissau,2025,10.066037355648467,5.611869455647233,9.75650905142451,5.804207116250026,12.203346658262115,5.779598062752084
Guinea-Bissau,2030,7.983753298630297,7.828113697490694,11.384892899769897,9.096489765866762,9.360889094932757,9.239832595876258
Guyana,2020,2.272889335845957,2.48996019666111,2.272889335845957,2.48996019666111,2.2097919233649828,2.426862784180135
Guyana,2025,1.9437036433040997,2.3680187117972507,1.9804819284385495,2.304921299316277,2.327256831195187,2.5300269986228883
Guyana,2030,1.6039310025126234,2.322833526612065,1.8637962147568305,2.5854100529100528,1.796145276146988,2.4479950351525694
Haiti,2020,14.815339378364767,17.533472564123855,14.889703197332903,17.607836383091993,14.889703197332903,17.607836383091993
Haiti,2025,25.201944275785202,12.384489452910529,24.060788202974454,12.644729945165405,27.579208794136854,24.14087246686168
Haiti,2030,38.12082641579046,15.099087005637571,31.44425997663408,15.32213144828053,57.48459693783435,29.81792244775608
Honduras,2020,12.917942125004982,14.419077962093144,17.213586663574453,16.95688049126755,18.5510423245849,18.294336152277996
Honduras,2025,19.96279575186896,16.240525595603984,24.116449958845,19.76158191441698,24.74841237855548,20.727812381294566
Honduras,2030,23.8740692806698,18.410655839245873,23.98335889815614,21.43413282721811,29.244663343239715,22.91692450586829
Hungary,2020,11.00006587136477,7.295213395832242,11.00006587136477,7.295213395832242,10.951246067104552,7.295213395832242
Hungary,2025,15.01848624584732,7.304424679654925,15.203345198063785,7.5381034361316095,15.43456641280184,7.546009788079413
Hungary,2030,14.078746883310032,8.22048835505312,14.543646854524765,8.168214319359397,14.543646854524765,7.84288328884702
Iceland,2020,1.382000875722849,1.5345336775830054,1.4219428968307894,1.5744756986909454,1.4219428968307894,1.5744756986909454
Iceland,2025,1.2691911642584288,1.4217239661185854,1.2691911642584288,1.4217239661185854,1.2691911642584288,1.4217239661185854
Iceland,2030,1.2452824206187438,1.2614183690416876,1.2452824206187438,1.2614183690416876,1.2452824206187438,1.2614183690416876
India,2020,65.26679672793237,65.28596365129891,65.26679672793237,65.28596365129891,65.26679672793237,65.28596365129891
India,2025,65.01283499332581,65.01283499332581,65.01283499332581,65.01283499332581,65.01283499332581,65.01283499332581
India,2030,64.63189239141596,64.63189239141596,64.1421090461033,64.1421090461033,63.95968100763254,63.95968100763254
Indonesia,2020,37.46002962962964,33.566103703703725,37.46002962962964,33.566103703703725,37.46002962962964,33.566103703703725
Indonesia,2025,36.21914074074075,37.46002962962964,36.21914074074075,37.46002962962964,36.21914074074075,37.46002962962964
Indonesia,2030,36.21914074074075,37.46002962962964,36.21914074074075,37.46002962962964,36.21914074074075,37.46002962962964
Iran (Islamic Republic of),2020,74.03910761154853,70.99448818897635,74.03910761154853,70.99448818897635,74.03910761154853,70.99448818897635
Iran (Islamic Republic of),2025,73.63101973364438,72.8171770195392,73.63101973364438,72.8171770195392,70.28222999902789,69.4683872849227
Iran (Islamic Republic of),2030,80.65532225138521,74.602828813065,77.3065325167687,71.25403907844851,77.4917177019539,70.04231554389034
Iraq,2020,63.167134831460686,65.32724719101124,63.167134831460686,65.32724719101124,61.60422518726593,63.76433754681647
Iraq,2025,85.90308988764046,67.75304307116104,85.90308988764046,67.75304307116104,85.50965589887642,65.67562031835205
Iraq,2030,102.77200374531834,84.91900749063672,102.4632490636704,84.28493679775282,104.93398876404491,85.04195926966294
Ireland,2020,7.542750908993689,11.203136352872876,7.542750908993689,11.325506763982464,8.027455753395358,11.855888541332476
Ireland,2025,9.973545075393002,8.327969067479414,9.973545075393002,8.327969067479414,9.43467222756924,8.164189792535558
Ireland,2030,10.049096353331189,8.327969067479414,9.404165329911237,8.036663324778099,9.404165329911237,8.036663324778099
Israel,2020,308.2887384060977,203.35639446587587,321.6856267965155,219.24228294256756,315.77395202969456,232.4220488529003
Israel,2025,674.4053066795123,218.01304557928762,677.8763905664359,231.19281148962037,679.0957274082384,231.19281148962037
Israel,2030,722.4655833309371,379.9549737035988,731.4006766504667,380.40072184152183,731.4006766504667,380.40072184152183
Italy,2020,31.53417334860634,30.851470026727757,31.53417334860634,30.851470026727757,31.678679472493904,30.736775633682846
Italy,2025,33.21949070402678,25.5178723529239,33.363996827914356,25.5178723529239,31.404558404558408,23.66825270948983
Italy,2030,36.950010279907175,24.604810996563582,36.9406115076218,25.498869210209417,35.02258642464827,23.696830851470033
Japan,2020,37.59486590038314,41.0185440613027,37.428429118773956,40.81823754789274,43.394406130268194,46.78421455938699
Japan,2025,38.36899106002554,41.05593869731802,37.90646232439337,40.559540229885066,44.168531289910604,46.82160919540231
Japan,2030,37.781404853129,41.006896551724154,43.812209450830146,46.82160919540231,43.812209450830146,46.82160919540231
Jordan,2020,527.1340149333629,469.8736747947969,590.6368022483111,500.67627382754347,593.990809705763,504.03028128499534
Jordan,2025,1118.3291762038373,527.1340149333629,1256.7941224880326,593.990809705763,1237.558818959895,593.990809705763
Jordan,2030,970.7261786096652,651.6845373241777,738.6357539286989,568.5800960793001,1149.8295615362847,615.8204696902575
Kazakhstan,2020,27.120983030471173,28.55846858094049,27.120983030471173,28.55846858094049,27.120983030471173,28.55846858094049
Kazakhstan,2025,40.09233828085264,27.358024691358022,40.303185832524164,27.358024691358022,44.42604152217137,29.627780089702693
Kazakhstan,2030,48.09023442918575,30.093956628288712,53.74267505124766,31.669302261062565,53.87198871780644,31.70583067461969
Kenya,2020,314.69414674361093,277.61995053586156,314.251717504809,279.77383896674917,314.251717504809,278.96867271228365
Kenya,2025,496.3595768068152,331.1706512778237,496.5986534762299,328.21269579554826,496.5986534762299,334.095630667766
Kenya,2030,645.3279747183293,487.1317669689477,645.3279747183293,487.1317669689477,645.3279747183293,485.3194558944766
Kyrgyzstan,2020,46.279848719977906,42.5250880517532,46.279848719977906,42.5250880517532,42.64226540828397,42.5250880517532
Kyrgyzstan,2025,36.557091838533886,44.032488726902514,36.413081624736606,43.88847851310524,38.13105130392849,42.519786398502966
Kyrgyzstan,2030,30.90865854446394,38.870530089758866,29.395956216064388,35.53719675642554,34.22601713557188,35.57868644370527
Lao People's Democratic Republic,2020,3.0720336960983143,2.2472420405982896,3.0507690285624607,2.225977373062436,3.121601275411657,2.295169028864261
Lao People's Democratic Republic,2025,5.062883460995218,3.014373294823506,5.001040783898304,2.8162663847843934,5.130258515319425,2.87132070899126
Lao People's Democratic Republic,2030,5.15356198365374,2.672847115729531,5.464356573679098,2.8233868966877442,5.638954574548285,2.6799724392054896
Latvia,2020,1.4252277595383074,1.829025310772512,1.601761511911777,2.005559063145981,1.601761511911777,2.192149778787964
Latvia,2025,1.612670585814369,2.192149778787964,1.612670585814369,2.192149778787964,1.7200561682146833,2.2995353611882776
Latvia,2030,1.6415254276921925,2.192149778787964,1.7489110100925072,2.2995353611882776,1.671041567284938,2.221665918380709
Lebanon,2020,54.23104499929613,56.20180713066825,54.61823946176637,56.589001593138505,54.61823946176637,56.589001593138505
Lebanon,2025,57.45185530679934,53.95925104034692,61.21290588122191,57.720301614769475,61.21290588122191,57.720301614769475
Lebanon,2030,67.06574239310692,52.29727108505094,71.70717367269931,57.094445388653675,67.98015658422861,57.094445388653675
Lesotho,2020,47.393313381816604,19.17306958323263,47.43640392402841,19.604756102792614,46.56511297453008,20.869710864232438
Lesotho,2025,59.68974528530769,22.658591074260862,62.21089070891356,24.355232355260668,63.89454624494168,29.235268806474622
Lesotho,2030,84.92083621806819,54.041884624412454,65.01446837189368,53.54682227609879,65.2638272210768,60.13231990026073
Liberia,2020,3.609443938711125,2.7357966628120374,3.023574373493734,2.212606244132489,3.1219499773584682,2.461229432538286
Liberia,2025,4.5929453864381165,3.766698515370164,4.606066159384976,3.193949723099633,4.886596553909936,2.676772685295784
Liberia,2030,7.786619316255615,3.5545254991595336,7.8362811520044096,3.5656286929330174,8.186985157640478,3.069157342959856
Lithuania,2020,25.16302170952497,24.334711207241863,25.16302170952497,24.334711207241863,25.16302170952497,24.334711207241863
Lithuania,2025,32.478811183209174,23.67414884242571,32.478811183209174,23.67414884242571,32.478811183209174,23.67414884242571
Lithuania,2030,35.1523503965393,23.70154610269968,35.24030281182409,23.70154610269968,35.24030281182409,23.70154610269968
Luxembourg,2020,9.873291520990529,10.705029296758154,9.873291520990529,10.705029296758154,9.873291520990529,10.705029296758154
Luxembourg,2025,27.89606127012843,9.358642543654984,27.89606127012843,9.358642543654984,27.89606127012843,9.358642543654984
Luxembourg,2030,27.94653539062743,9.873291520990529,27.94653539062743,9.873291520990529,27.94653539062743,9.873291520990529
Madagascar,2020,8.74721338912134,9.289051603905163,15.32590330079033,14.697978614597863,11.213922826592286,10.585998140399818
Madagascar,2025,15.14693258949326,15.14693258949326,15.033132496513248,15.033132496513248,15.709576011157603,15.709576011157603
Madagascar,2030,18.127391910739195,16.79813668061367,18.759804741980474,17.78967085076708,20.29223709902371,19.322103207810315
Malawi,2020,62.23437835978152,64.21261772674494,64.93206611333305,66.91030548029646,65.36297825370204,67.34121762066545
Malawi,2025,138.61050187072635,125.58892759357217,138.61050187072635,126.01983973394115,136.51249301165447,123.31605957654213
Malawi,2030,182.68593299789276,190.81060508321514,184.19003999483945,192.3147120801618,237.44549090439943,233.18518040682915
Malaysia,2020,7.268621082621081,7.222256410256407,7.268621082621081,7.417470085470083,7.268621082621081,7.417470085470083
Malaysia,2025,10.622358974358974,8.127350427350425,10.66285754985755,8.167849002849001,10.66285754985755,8.167849002849001
Malaysia,2030,24.925871794871796,16.754019943019944,24.925871794871796,16.754019943019944,24.90072934472934,16.651441595441597
Mali,2020,12.911030349794242,9.441314986282585,13.467511831275722,10.203935013717425,13.725227880658439,10.588170267489716
Mali,2025,8.864285665294927,7.870819444444449,10.484412551440332,8.573173696844998,6.29111265432099,5.572865912208509
Mali,2030,8.566985596707822,12.247363511659813,5.735794753086419,8.711388717421126,11.159452160493828,12.59224777091907
Mauritania,2020,29.89861635743316,16.74133670813749,29.89861635743316,16.74133670813749,28.923741354703967,15.80576215736349
Mauritania,2025,17.69426674352372,16.549679289101327,16.719391740794524,15.574804286372133,17.06771382983188,15.991247158798501
Mauritania,2030,31.5031478375394,16.960150676188945,30.735206089542643,16.329465756645703,26.31634514764181,18.25101877950547
Mexico,2020,30.761930065849793,29.442464782862384,30.32982203884304,28.98284987913645,30.357328915562228,29.01035675585564
Mexico,2025,31.69900808535467,30.59158539634909,31.469200633491706,30.186984246061517,31.469200633491706,30.186984246061517
Mexico,2030,33.75668917229308,29.656309910811036,33.75668917229308,29.224201883804284,33.82395598899725,29.237955322163884
Mongolia,2020,9.362505044518223,6.829773173680621,8.997955362677791,6.46522349184019,8.997955362677791,6.46522349184019
Mongolia,2025,34.563753655266254,10.53099619752617,34.64282854513409,10.915255951205895,34.64282854513409,10.915255951205895
Mongolia,2030,33.932690119385036,15.35057704893766,29.211394842830938,15.34622071022009,32.12094778784645,15.29727308417995
Morocco,2020,54.684928292186015,52.90068641098259,54.684928292186015,52.90068641098259,54.1101990965189,52.325957215315455
Morocco,2025,59.89573166503998,54.684928292186015,62.746337274729726,54.1101990965189,67.23494242574549,58.598804247534645
Morocco,2030,184.16246659946563,54.949999199987204,187.01307220915538,54.58327333237333,194.50113868488566,67.13520749665331
Mozambique,2020,4.977810807240058,5.30852820716079,5.193308230942002,6.302582903950325,7.722261857576965,8.834548817545254
Mozambique,2025,9.408647113225,4.920894437838553,8.34778702602722,3.895349451710926,7.369656493592284,2.9057147575637465
Mozambique,2030,35.302956797463345,9.523550006605895,34.902362267142294,7.535451182454751,42.62173999207294,8.868754128682784
Myanmar,2020,6.6778818249813,6.181293110612482,6.884676473032493,6.3880877586636755,6.908527549239593,6.3880877586636755
Myanmar,2025,6.082584060500291,6.396613645807363,7.512403723094821,6.627259370065654,7.618831878999417,6.696194797639825
Myanmar,2030,6.203246073298429,6.6778818249813,8.065892379290286,6.908527549239593,8.065892379290286,6.977462976813762
Namibia,2020,4.142668098032447,3.6955460893037215,3.5924555838758607,3.0423690274698747,3.463946007673742,2.8994187422213002
Namibia,2025,3.5756435888777403,4.358033681918812,3.1455709338432882,3.5704536046000426,3.0208241485494374,3.341847247631827
Namibia,2030,2.8589867897114103,4.423803545982171,5.9230965918896725,3.683563230813275,2.9071059190652586,3.4652461973984425
Nepal,2020,11.171334383569642,11.779659451154291,11.171334383569642,11.779659451154291,11.171334383569642,11.779659451154291
Nepal,2025,11.171334383569642,10.194240231829944,12.725275687029587,12.33222961277399,13.228397222708447,13.62652916350624
Nepal,2030,17.614607036583234,13.309323764513687,18.627997549448637,17.543686912888734,17.400655425248466,16.67380438376413
Netherlands,2020,30.352382760584796,29.958926650212028,30.352382760584796,29.958926650212028,30.352382760584796,29.958926650212028
Netherlands,2025,32.052275172457456,29.958926650212028,32.052275172457456,29.958926650212028,32.052275172457456,29.958926650212028
Netherlands,2030,32.046705904689595,29.958926650212028,32.046705904689595,29.958926650212028,32.046705904689595,29.958926650212028
Nicaragua,2020,4.8486097513089,4.317261874636416,4.744793579115764,4.21344570244328,4.690459664048864,4.211818011925538
Nicaragua,2025,4.854818515286665,4.103730751890634,5.02274754379161,4.282143782722513,5.116618897568723,4.448910507562536
Nicaragua,2030,5.740225863251059,4.64601521960442,7.958823885356936,5.1779128344968,10.36523307983223,5.613098449371551
Niger,2020,46.6166097838453,41.34556313993177,49.25213310580205,43.98108646188854,54.09662969283277,48.825583048919235
Niger,2025,50.342647895335624,53.97205631399319,45.55211888509671,49.11767633674632,51.766709328782724,57.64042946530149
Niger,2030,96.45826222980662,45.8955489192264,102.92029294653013,55.004479522184326,104.79735494880545,54.39419795221845
Nigeria,2020,106.99302325581387,65.61903531438413,110.60025839793276,65.61903531438413,114.02213608957788,67.50189491817396
Nigeria,2025,145.72601205857018,113.33608957795,160.15495262704565,123.97243755383288,161.0963824289406,125.85529715762273
Nigeria,2030,142.66261843238587,143.95684754521963,157.09155900086134,158.38578811369513,158.03298880275625,159.32721791559004
North Macedonia,2020,16.341271260124618,14.71427102845352,16.053355803525715,14.426355571854618,16.625074554818514,14.960965578391052
North Macedonia,2025,15.673581798086168,11.726364983492777,15.726719286606034,11.989812249360181,15.232581392661755,11.495674355415897
North Macedonia,2030,32.659820107333424,11.134843053719704,29.867859623559397,10.904152425642826,29.827524031432905,11.912300215252376
Norway,2020,2.351280282455187,3.1564851831733947,2.351280282455187,3.1564851831733947,2.351280282455187,3.1564851831733947
Norway,2025,2.528092703240992,4.367486450600519,2.528092703240992,4.367486450600519,2.473339851529965,4.310933852374918
Norway,2030,2.7223878079391386,2.312796970245639,2.722524625072153,2.351280282455187,2.5665043462381862,2.2429659605286973
Pakistan,2020,96.05054904607081,100.56588212038801,96.05054904607081,100.56588212038801,96.05054904607081,100.56588212038801
Pakistan,2025,120.21130264673604,96.05054904607081,120.21130264673604,96.05054904607081,131.6298250277761,98.90517964133082
Pakistan,2030,117.78704782937653,103.98816705178278,129.20557021041657,115.40668943282282,129.20557021041657,118.85964732906639
Panama,2020,2.7033245407208577,1.1462871691667271,2.7033245407208577,1.1462871691667271,2.7033245407208577,1.1462871691667271
Panama,2025,3.1815787607615964,1.2239609232915434,3.1932571802325715,1.2239609232915434,3.3667271970821147,1.4517271485924321
Panama,2030,1.8431460454973874,1.4085442487355755,1.9869299691157303,1.6018393006404497,1.994482888417548,1.7002256701660599
Papua New Guinea,2020,2.370492294360127,1.7048044422584472,2.370492294360127,1.7122715586159514,2.705524334832303,1.769630749172444
Papua New Guinea,2025,2.6378688401723807,2.370492294360127,2.6378688401723807,2.370492294360127,2.913609143713697,2.705524334832303
Papua New Guinea,2030,3.0300097433014805,2.4109915682967955,4.249882330897511,2.4549803260258565,5.056979951283495,3.354864514102437
Paraguay,2020,3.482469666244191,2.6692368599493017,3.482469666244191,2.6692368599493017,3.8317725813265744,3.0185397750316842
Paraguay,2025,5.427809885931559,3.363087494719054,5.2060101394169855,3.1506256684169225,4.862866920152092,2.877114895286378
Paraguay,2030,6.155122623574145,3.3447858470637937,5.84011628643853,2.8551884060595083,5.8327652091254745,2.942894362966986
Peru,2020,3.147846058348853,2.9338175046554937,3.147846058348853,2.9338175046554937,3.1367349472377404,2.9080571073867163
Peru,2025,3.228630353817504,2.848299193047797,3.2175192427063934,2.837188081936686,3.3081917028760603,2.9533726463894063
Peru,2030,3.863462549141319,2.843693978895096,3.8978966480446924,2.9036401820815225,4.082000724187874,2.974584729981378
Philippines,2020,25.269234688678285,24.168263188287646,25.269234688678285,24.138608648391592,26.362308502326844,24.07135092903971
Philippines,2025,24.26279764937667,26.362308502326844,24.26279764937667,26.362308502326844,23.725754950915444,25.82526580386561
Philippines,2030,24.685145555215865,26.16114677808349,25.14681205203981,25.158768979924584,25.208872583987223,25.220829511872
Poland,2020,56.40202299911544,53.37821622245301,56.40202299911544,53.37821622245301,56.66739740779202,53.64359063112959
Poland,2025,60.802238375447104,53.64359063112959,60.802238375447104,53.50513441790704,60.802238375447104,53.50513441790704
Poland,2030,83.77743163724475,53.268605053651804,83.77743163724475,53.268605053651804,84.8770047305873,53.268605053651804
Portugal,2020,18.668728787134967,18.110220761327355,18.668728787134967,18.110220761327355,18.668728787134967,18.110220761327355
Portugal,2025,18.236280636754316,17.608287981651962,18.236280636754316,17.608287981651962,18.236280636754316,17.5873248847395
Portugal,2030,17.88574372250433,14.43474216152599,17.88574372250433,14.785770223946455,17.423247006843056,14.105976506178058
Republic of Korea,2020,132.40124537847834,105.16929363689432,132.76026464292664,105.16929363689432,132.76026464292664,105.16929363689432
Republic of Korea,2025,138.66316403969643,109.61276512940259,137.51216189920217,109.97178439385092,137.51216189920217,109.97178439385092
Republic of Korea,2030,167.71648180579876,127.54962054874488,166.5654796653045,127.90863981319322,165.0252967503405,127.90863981319322
Republic of Moldova,2020,23.74484632431062,20.838463292927592,31.2282143076786,30.015475469939766,34.64381546970833,34.280992481885335
Republic of Moldova,2025,46.959733464197754,34.66036953983383,49.86270468859753,37.41896561985847,76.43523876113161,59.32620252709539
Republic of Moldova,2030,50.52259809849095,40.95320315409601,77.99700657289942,62.360555561448415,25.731896682789547,31.024019574912437
Romania,2020,10.088264669163545,9.950499375780277,10.088264669163545,9.950499375780277,10.235518102372033,10.097752808988766
Romania,2025,11.040917602996254,12.810715771951731,11.188171036204743,12.95796920516022,11.188171036204743,13.187682064086562
Romania,2030,10.51935081148564,13.252288805659596,10.51935081148564,13.482001664585939,10.51935081148564,13.482001664585939
Russian Federation,2020,4.5212609556121,4.671897087927622,4.5212609556121,4.663627367825842,4.5212609556121,4.663627367825842
Russian Federation,2025,4.648805484874186,4.419847328244275,4.648805484874186,4.411577608142493,4.648805484874186,4.409245122985582
Russian Federation,2030,4.804000565450947,4.419847328244275,4.815408538309303,4.409245122985582,4.899590048063331,4.433969465648856
Rwanda,2020,72.1805997932653,60.17713950646481,76.93674401695918,78.52580273923401,139.90151590805561,109.18351061267032
Rwanda,2025,207.7349889624723,147.8901355929605,216.15894039735088,166.5277367702967,223.7246136865341,155.5365667923718
Rwanda,2030,233.84878587196448,232.17549668874162,219.69867549668857,229.72516556291384,231.76931567328896,241.16004415011028
Senegal,2020,80.59693425482898,81.85885167464114,79.80940988835725,81.04368243841927,80.8659401027822,82.10021265284422
Senegal,2025,108.39194282001297,80.85929470139996,108.39194282001297,81.72496898812688,100.17096107271544,72.68881800460747
Senegal,2030,102.36193514088251,107.18691003603283,103.48172957646644,99.98901293638136,123.19216728690412,85.44987890601926
Sierra Leone,2020,8.966966802474364,5.39897512253464,8.966966802474364,5.999422779595907,8.863088297801466,5.982989757789054
Sierra Leone,2025,12.113737897909305,14.227849560681891,11.555590831450322,13.582257011356862,11.333770606281327,13.422622144443322
Sierra Leone,2030,7.253720802303716,5.856782777192793,7.299738750254432,5.578915174038333,7.043282932902005,5.538413996542412
Slovakia,2020,16.761104814666833,5.939402102457449,17.033766891545774,6.212064179336393,17.322164679124665,6.58895881143622
Slovakia,2025,14.449096065383989,5.657417019267546,14.988115386716935,6.328392737617135,15.14063020790646,6.470389295276344
Slovakia,2030,12.752676010163102,6.034311651367374,12.967726689069202,6.470389295276344,13.003211485397374,7.807401630330847
Slovenia,2020,5.655803736182255,5.954395993598044,5.655803736182255,5.954395993598044,5.655803736182255,5.954395993598044
Slovenia,2025,5.814926744493905,5.954395993598044,5.814926744493905,5.954395993598044,5.814926744493905,5.954395993598044
Slovenia,2030,6.44099382373813,5.954395993598044,6.44099382373813,5.954395993598044,7.431334235314074,5.954395993598044
Somalia,2020,37.203976399424874,33.88388120382766,35.62110169071349,32.30100649511627,34.07690019336607,30.75680499776886
Somalia,2025,53.071396697902735,40.028856165402374,50.986761862263876,37.94422132976351,55.403316971590066,41.45939312806783
Somalia,2030,53.31595517873966,41.577767861569754,53.46916059298924,40.221974317021186,57.7973374981407,47.22331300510683
South Africa,2020,207.53975877895186,152.88077703063294,207.53975877895186,156.44145586508697,211.21784608816304,156.44145586508697
South Africa,2025,221.5102999252855,168.91930835734868,227.70466431849712,168.91930835734868,223.43526523641793,164.6499092752695
South Africa,2030,242.10385313267156,214.8921976731775,226.10801579677658,218.5702849823887,221.83861671469734,214.3008859003095
Spain,2020,56.255202100532706,44.99635718560697,56.31155292988967,45.05270801496392,56.47651543841048,44.94727743100574
Spain,2025,87.15742129314044,44.99635718560697,86.58073417657602,44.94727743100574,86.58073417657602,44.94727743100574
Spain,2030,93.71047741674872,37.726872977472446,89.41963442651922,37.7586839295288,88.41077280416067,37.43675174834003
Sri Lanka,2020,111.900342839333,103.97935172198846,107.39161601994702,100.08633317749725,107.39161601994702,100.08633317749725
Sri Lanka,2025,173.3585008570984,170.4599501324607,165.06085398161142,162.16230325697373,172.89107059373546,168.27582982702202
Sri Lanka,2030,198.71185912420142,165.9512233130747,200.5970079476391,168.44366526414214,206.73850709054082,178.80847748168935
Suriname,2020,3.9117851756215014,3.9117851756215014,3.7104838675289815,3.7104838675289815,3.7104838675289815,3.7104838675289815
Suriname,2025,3.4096807445241266,3.9117851756215014,3.208379436431606,3.7104838675289815,3.094366021691229,3.596470452788605
Suriname,2030,3.273434790841044,3.9117851756215014,3.0225039323086254,3.596470452788605,3.0225039323086254,4.231706715350076
Sweden,2020,10.729332857469592,10.310289475807158,10.729332857469592,10.310289475807158,10.729332857469592,10.310289475807158
Sweden,2025,10.649874784678184,10.314895055412741,10.649874784678184,10.314895055412741,10.70408353888694,10.314895055412741
Sweden,2030,12.22655970847935,10.789161529679216,11.894236476156122,10.789161529679216,11.894236476156122,10.789161529679216
Switzerland,2020,20.710597163954567,8.102143597566943,20.710597163954567,8.102143597566943,20.710597163954567,8.102143597566943
Switzerland,2025,26.716568008941437,11.028731248410882,26.716568008941437,11.028731248410882,26.716568008941437,11.028731248410882
Switzerland,2030,24.684912783922364,17.77589930820408,24.684912783922364,17.77589930820408,24.684912783922364,17.77589930820408
Syrian Arab Republic,2020,116.51940263056316,133.3306612036459,116.51940263056316,133.3306612036459,125.65036667557372,139.6760785012321
Syrian Arab Republic,2025,106.8224295596924,124.82141266589464,117.50175667785,131.16682996348084,125.18947378838709,138.85454707401794
Syrian Arab Republic,2030,95.37889809289115,124.64920875270916,120.34104292232018,139.0124996288708,134.81804776184396,144.28906505151264
Tajikistan,2020,49.7161683529608,49.164930282854804,48.62722375458224,48.07598568447624,49.7674100881648,50.65736918567107
Tajikistan,2025,51.24102871272684,54.29770212317383,40.1254954318044,39.524712566870576,38.52765930566639,37.92687644073258
Tajikistan,2030,37.674803184237156,38.251897331791206,35.65004178211726,36.1830228100865,35.40858512556626,42.05912661543558
Thailand,2020,24.042269076305217,23.12643908969209,23.783734939759032,22.849966532797847,23.783734939759032,22.849966532797847
Thailand,2025,27.64226907630521,22.811244979919667,27.751572958500663,22.811244979919667,27.603580990629172,22.627309236947784
Thailand,2030,28.692068273092357,22.703614457831318,28.82041499330655,22.768641231593033,29.50843373493976,22.895247657295847
Timor-Leste,2020,12.459348997741023,12.305222963986148,12.458143016071944,12.304016982317071,12.458143016071944,12.304016982317071
Timor-Leste,2025,15.14030127895902,12.715133398653661,13.607382290492113,11.18221441018675,11.526206324366802,10.236724781629105
Timor-Leste,2030,12.55332454100544,12.843520101461495,11.768341983904774,10.873580155713135,10.141708165881667,9.28449256698734
Togo,2020,15.427773932102628,14.902467637214587,17.227520446678042,18.08016091985084,17.246785338946736,18.099425812119534
Togo,2025,19.073911908828062,17.99826822868058,20.405217358764688,19.261132613978422,17.739912137820316,18.53386010472455
Togo,2030,30.121282743450042,27.761081705655656,22.750068104453398,26.059178017694553,20.6341115810444,28.47245937005575
Trinidad and Tobago,2020,26.6856880928751,21.712575772574148,26.6856880928751,21.712575772574148,30.329064936372866,25.35595261607191
Trinidad and Tobago,2025,31.416091093118595,23.49018080894581,31.416091093118595,23.49018080894581,39.02155392808254,29.01864176294777
Trinidad and Tobago,2030,31.70999476099446,22.930728975007884,31.764811367201627,23.040362187422232,39.68929543016503,30.707745618919823
Tunisia,2020,208.61924966920301,158.95061091644166,174.27448162207608,156.32511260498748,173.3127017226835,155.3633327055949
Tunisia,2025,477.17119907912894,189.88273899200732,538.3380307916274,188.92095909261474,570.3185525621602,188.92095909261474
Tunisia,2030,400.1531963876122,258.5568284891677,492.97835783629137,225.87577885410232,485.5013584541553,254.91072625103334
Turkey,2020,45.08923221669266,35.3002921587561,44.85123424694842,35.062294189011865,44.560808636014755,34.77186857807819
Turkey,2025,47.05014154018832,41.78969521404343,47.20736256571508,41.26127163336553,47.20736256571508,41.26127163336553
Turkey,2030,55.48618435712694,47.39190126024411,55.6434053826537,47.54912228577087,56.53460100522421,48.44031790834137
Turkmenistan,2020,69.42873495224026,73.56711592914813,69.42873495224026,73.56711592914813,69.42873495224026,73.56711592914813
Turkmenistan,2025,59.46642018171018,69.42873495224026,59.035310215189455,69.58926375299568,59.035310215189455,69.58926375299568
Turkmenistan,2030,70.43243323106248,62.716613740119044,70.43243323106248,62.716613740119044,72.53788434274587,62.90449825094973
Uganda,2020,391.1088746569076,269.3683033445155,414.9768222018909,298.04655891023674,395.9191826776456,279.0941343905661
Uganda,2025,480.51466910643495,409.05489478499544,459.2598658127478,389.3684050015248,459.2598658127478,389.3684050015248
Uganda,2030,578.7866727660872,501.2944800243977,581.3789265019823,501.2944800243977,679.7548032936871,598.6977737114975
Ukraine,2020,31.457037996545758,32.918897524467475,31.457037996545758,32.918897524467475,30.903065630397236,33.31786125503742
Ukraine,2025,33.921272308578,33.773963730569946,32.42429476108232,33.22992227979275,31.286557282671275,32.22934657455384
Ukraine,2030,51.17897236614852,34.39774035693724,49.64550949913643,28.736398963730572,53.25987574361925,38.84205766647475
United Kingdom,2020,41.90036942313156,32.006365444728615,36.45592497868712,29.432907075873835,36.45592497868712,29.432907075873835
United Kingdom,2025,47.6019039499858,35.0378516624041,43.68704177323103,30.63455527138392,43.68704177323102,30.63455527138392
United Kingdom,2030,70.36621199204318,41.918101733446996,68.52267689684567,36.69565217391305,91.16831486217674,61.75447570332478
United Republic of Tanzania,2020,176.67025089605735,166.2819454863716,176.67025089605735,166.2819454863716,190.42235558889723,180.0340501792115
United Republic of Tanzania,2025,206.92848212053016,201.67375177127613,206.92848212053016,202.015503875969,212.88872218054516,207.97574393598399
United Republic of Tanzania,2030,262.1085271317829,207.76827540218386,264.89547386846704,214.18988080353418,264.89547386846704,214.18988080353418
United States of America,2020,28.563371356147012,28.563371356147012,28.563371356147012,28.563371356147012,28.563371356147012,28.563371356147012
United States of America,2025,28.43536121673003,28.43536121673003,28.43536121673003,28.43536121673003,28.43536121673003,28.43536121673003
United States of America,2030,28.43536121673003,28.43536121673003,28.43536121673003,28.43536121673003,28.43536121673003,28.43536121673003
Uruguay,2020,9.191259546444845,8.846939988116462,8.919561685482277,8.846939988116462,8.919561685482277,8.846939988116462
Uruguay,2025,8.252250243860177,8.899583719548428,7.980552382897607,8.627885858585861,8.079125084705606,8.688353773024366
Uruguay,2030,8.48134687190533,7.64704658348188,8.296993039463265,7.435954783125374,8.720645073812356,7.173855218855224
Uzbekistan,2020,131.67017174903611,135.15167447344103,132.43682885638722,135.91833158079214,132.43682885638722,135.91833158079214
Uzbekistan,2025,123.50460440365808,132.43682885638722,117.96450307491318,130.46808781824555,116.59847688238858,129.10206162572095
Uzbekistan,2030,128.5522416594972,127.87560144027022,129.76723066628435,126.50957524774563,125.38870566867416,122.13105025013544
Venezuela (Bolivarian Republic of),2020,6.2531,6.400322222222222,6.2531,6.400322222222222,6.2531,6.400322222222222
Venezuela (Bolivarian Republic of),2025,6.189322222222222,6.205655555555555,6.189322222222222,6.205655555555555,6.103066666666665,6.1194
Venezuela (Bolivarian Republic of),2030,9.470708888888888,6.115511111111111,9.470708888888888,6.115511111111111,9.470708888888888,6.115511111111111
Viet Nam,2020,16.855500184569944,17.426854928017715,16.855500184569944,17.426854928017715,16.814082687338498,17.38543743078626
Viet Nam,2025,17.40649686231081,17.468420081210773,17.40649686231081,17.446936138796598,18.176547311431026,17.37635658914728
Viet Nam,2030,16.020948689553336,16.325286083425613,16.790999138673556,16.254706533776297,17.109960625076898,16.06956441491325
Zambia,2020,30.667102573352583,28.37572951739619,30.454139610389625,28.162766554433222,29.753412097162112,28.23070787237454
Zambia,2025,36.89832451499119,34.30058020683021,36.36766073432741,33.590586419753095,36.831345198011874,37.234048821548825
Zambia,2030,31.387622254288928,31.652395983646006,35.59812008978677,35.027272727272745,37.3652557319224,27.850665383998724
Zimbabwe,2020,74.78217966370426,77.28781240872866,77.75063629156757,80.25626903659197,79.55674469061627,82.06237743564071
Zimbabwe,2025,202.08182083698404,146.5530521133225,210.66534192848488,155.13657320482332,209.15670505278078,158.09689364542913
Zimbabwe,2030,222.3704468644385,192.6167021320982,233.3067342596069,203.53781240872854,230.93128051070212,200.96208328117814
