1,Armenia,2020,44.80564122,50.00354318,44.22408428,43.69609916,48.89400112,43.11454222,43.69609916,48.89400112,43.11454222
1,Armenia,2025,19.75452273,48.08168184,41.15365638,19.27977322,47.40049026,40.86114074,19.29523956,47.38367901,40.8443295
1,Armenia,2030,19.63546809,44.32091704,38.04264613,19.65093443,44.3041058,38.02583489,19.51056055,44.16373191,37.88546101
2,Afghanistan,2020,37.4787707,36.13517819,44.8475612,28.74946904,29.12635889,38.07101332,24.80481461,25.18170446,35.89408747
2,Afghanistan,2025,33.97436105,46.29397048,104.2947804,24.80481461,40.61263499,100.3811735,25.14722822,43.47526698,106.0467513
2,Afghanistan,2030,32.63076854,67.67302016,141.5483441,25.33225342,66.43018059,146.2714273,30.47030238,75.04114171,148.6096652
3,Albania,2020,6.097388296,7.193224896,6.909911595,6.025930631,6.996399976,6.713086675,5.981349301,6.951818646,6.668505345
3,Albania,2025,4.641966643,6.951818646,5.789930863,4.690243887,6.951818646,5.491543444,4.885057127,7.160774514,5.851406318
3,Albania,2030,4.536925244,6.469386755,11.13026466,4.731738483,6.678342623,10.98278425,4.698825823,6.989323525,10.98278425
4,Algeria,2020,141.5685263,167.3599,173.1850289,141.5685263,167.3599,173.1850289,156.134396,182.9946867,185.6294734
4,Algeria,2025,140.0151586,173.1850289,547.0753243,154.5810283,185.6294734,557.8193468,154.5810283,185.6294734,565.4002188
4,Algeria,2030,140.0151586,331.1017346,798.0864979,165.3592749,354.5752461,815.4582747,171.1642444,353.4908579,853.0930614
7,Angola,2020,78.48312492,81.30337249,80.69257294,78.7962991,81.61654667,81.00574713,78.50080839,81.32105596,80.71025641
7,Angola,2025,65.17631679,65.047598,59.14391394,65.41327523,65.28455644,59.45708812,64.14979159,64.0210728,57.22808724
7,Angola,2030,50.08471643,53.17589154,40.63156499,48.33033978,51.12991453,40.68629531,48.49824428,50.3323018,42.42015915
9,Argentina,2020,10.30782778,10.08939764,11.53255539,10.38977377,10.11813115,11.55546204,10.29748434,10.06096473,11.53316428
9,Argentina,2025,10.37716843,11.16115844,13.60177272,10.39491106,11.16222978,13.56178629,10.39491106,11.16222978,13.56178629
9,Argentina,2030,10.53986266,11.64731317,17.51105253,10.39226431,11.65720187,17.52538846,10.37580113,11.65720187,17.41934887
10,Australia,2020,8.58517625,12.02297437,14.54260981,8.58517625,11.86119981,14.3563077,8.58517625,11.86119981,14.3563077
10,Australia,2025,8.032569361,13.32878682,14.10129274,8.032569361,13.16701225,13.94970448,8.032569361,13.07487826,13.85757048
10,Australia,2030,8.014394853,14.31373075,14.54771413,8.014394853,14.31373075,14.54771413,8.014394853,14.22159675,14.45558013
11,Austria,2020,9.230192133,8.590313887,17.70748317,9.230192133,8.590313887,17.70748317,9.080079834,8.453351559,17.31406571
11,Austria,2025,9.16374113,11.32661199,21.22410787,9.16374113,11.18964966,20.5762079,9.026778801,10.915725,20.5762079
11,Austria,2030,8.6547761,11.32661199,22.60104858,8.6547761,11.18964966,22.20757586,8.560735388,10.915725,22.374657
16,Bangladesh,2020,8.113823733,8.908808042,9.1097548,8.113823733,8.908808042,9.1097548,8.132200415,8.878969204,9.079915962
16,Bangladesh,2025,8.949470773,8.771740865,14.31326348,9.002100952,8.881203127,14.31326348,9.607724766,9.486826942,14.91888729
16,Bangladesh,2030,9.499060334,9.685539776,27.44988742,9.499060334,9.919463504,30.4199422,9.112414233,10.43003918,31.00129426
18,Bhutan,2020,0.88283331,0.748467187,0.739290333,0.88283331,0.732338418,0.723161564,0.905490197,0.754995305,0.76194722
18,Bhutan,2025,0.817858779,0.731759771,0.921015142,1.067263832,0.995256103,1.190045297,1.068777822,0.996770094,1.156500064
18,Bhutan,2030,0.77764688,0.672631817,0.997325433,0.779160871,0.674145807,0.875687291,0.824474644,0.721488921,0.894282164
19,Bolivia (Plurinational State of),2020,3.206351712,4.357141426,4.250395842,3.202518567,4.349475135,4.242729551,3.240880085,4.303289491,4.217720156
19,Bolivia (Plurinational State of),2025,3.31993871,4.148009521,9.423855693,3.281419356,4.126833271,9.336614055,3.275970277,4.121384192,11.99357635
19,Bolivia (Plurinational State of),2030,3.85626102,5.002300639,9.493423525,3.839913782,4.99685156,10.86544532,3.839913782,5.020329576,10.69265314
20,Botswana,2020,3.305768584,3.955908993,10.1113287,3.24248068,3.892621089,10.10261455,3.83594856,4.486088969,10.10261455
20,Botswana,2025,3.24248068,10.10261455,11.04191766,3.83594856,10.10261455,11.04191766,3.83594856,10.31538069,11.25468379
20,Botswana,2030,3.83594856,11.20508124,12.95197278,3.83594856,11.41784737,13.16473891,4.245812123,11.41784737,13.16473891
21,Brazil,2020,3.210570003,4.906966115,13.70512214,3.210570003,4.906966115,13.70512214,3.210570003,4.906966115,13.70512214
21,Brazil,2025,3.163997899,7.097084318,17.19829262,3.163997899,7.097084318,17.19829262,3.323808773,7.114940898,17.19829262
21,Brazil,2030,3.071878119,10.33170475,19.80740741,3.080357237,10.33170475,19.80740741,3.227417914,10.34956133,19.80039401
23,Belize,2020,1.451971761,1.431220501,1.365943763,1.414056853,1.401628522,1.375966156,1.480832951,1.46840462,1.46840462
23,Belize,2025,1.414056853,1.375966156,1.669722225,2.932892876,2.920464545,3.25429552,2.948123837,2.935695507,3.260523846
23,Belize,2030,1.414056853,1.669722225,2.345791858,1.460303057,1.781705702,2.455264585,1.404078893,1.700098336,2.230709168
26,Brunei Darussalam,2020,3.095764699,3.082577058,5.515435218,3.095764699,3.082577058,5.515435218,3.057771733,3.043014134,5.465824567
26,Brunei Darussalam,2025,3.658616128,4.733461226,9.142504877,3.095764699,4.158992113,8.568035765,3.0936475,4.15185105,8.560894702
26,Brunei Darussalam,2030,3.681851496,6.347377327,7.768952093,3.101102554,5.465824567,7.159943919,3.135408364,5.506724197,7.20084355
27,Bulgaria,2020,59.5188209,53.94486865,45.5686885,59.5188209,53.94486865,45.5686885,59.5188209,54.25137074,45.10868899
27,Bulgaria,2025,50.00777466,53.94486865,45.22869145,49.85647519,54.25137074,44.95692956,49.7290945,54.25137074,44.95692956
27,Bulgaria,2030,53.57450169,59.40351305,46.198859,53.66640078,59.40351305,46.50536109,53.25912751,59.99023622,46.54596396
29,Burundi,2020,54.51139905,57.84271365,74.23737074,50.89584673,54.22716133,70.62181841,53.50038434,69.89694441,73.22635602
29,Burundi,2025,62.38470837,166.6841974,337.7140665,46.21722916,149.6091886,337.7140665,62.92824396,152.503618,337.7140665
29,Burundi,2030,40.05644389,303.7655039,289.7212532,41.84424789,303.7655039,289.7212532,48.0645085,212.0616925,224.8305879
32,Cameroon,2020,8.725160051,12.5190864,12.17452399,12.23947583,14.21905497,13.68414345,9.530628385,11.6971994,10.29528644
32,Cameroon,2025,12.43794546,13.9179072,11.41624821,9.65061882,10.45917932,8.575932568,11.14746244,13.75520992,11.2152439
32,Cameroon,2030,13.63548029,13.94078875,16.91622031,12.37651329,16.08057833,15.13047983,14.71028899,18.15318713,18.78200223
52,Azerbaijan,2020,42.9947914,40.79974954,35.21060998,42.9947914,40.79974954,35.21060998,41.91061185,40.56133895,35.09140469
52,Azerbaijan,2025,31.24431378,36.40431172,34.59666591,30.75616073,36.40431172,34.59666591,30.84122327,37.15957294,37.09416407
52,Azerbaijan,2030,31.17514528,36.06726929,33.71141388,30.44858163,36.80678364,36.71686887,30.44585338,36.68161808,37.04532116
33,Canada,2020,3.783038509,3.798898447,3.810924995,3.782592234,3.798452172,3.810924995,3.782592234,3.798452172,3.810924995
33,Canada,2025,3.900128565,3.787409718,3.965061624,3.89968229,3.787409718,3.965061624,3.87608422,3.763811649,3.941463554
33,Canada,2030,3.96957587,3.813602647,4.261361826,3.928140923,3.794412808,4.261361826,3.904542854,3.770814739,4.255903536
37,Central African Republic,2020,2.441974125,6.47665841,8.197159806,2.873424742,6.893525694,8.61402709,3.050436916,7.061540954,8.609061383
37,Central African Republic,2025,5.573428369,6.75567661,7.589214529,8.828358925,6.750027359,7.740620908,9.332793393,9.537805449,9.324040029
37,Central African Republic,2030,4.06879531,5.558988338,9.338748737,7.612384442,8.111587856,10.85867943,7.336582899,7.89801074,11.22451045
39,Chad,2020,81.79445549,83.45374349,87.38654514,91.27108309,101.1969727,104.9725477,136.0011775,162.9064941,160.4845106
39,Chad,2025,57.17236328,62.34581706,78.34169922,136.8942871,137.4525282,143.2616482,142.6567383,142.0837131,156.0052192
39,Chad,2030,67.50979818,78.33084852,73.0749349,148.0548503,152.2541233,133.3420953,155.7941081,154.8025445,136.2251519
40,Chile,2020,8.413111563,8.596901981,8.596901981,8.213433215,8.397223633,8.397223633,8.105595057,8.289385475,8.289385475
40,Chile,2025,7.093899893,8.397223633,8.442669714,6.977512556,8.289385475,8.334831556,6.753591784,7.996851193,8.042297274
40,Chile,2030,5.942929293,8.289385475,7.157144066,5.914073698,7.996851193,6.864609785,5.914073698,7.996851193,6.864609785
57,Belarus,2020,9.493058747,10.78637924,16.7666803,9.128633346,10.03940055,16.7666803,9.335950419,10.16472099,16.7666803
57,Belarus,2025,9.909912447,10.53028168,19.57564265,10.51977841,10.89708751,19.93506915,10.90724618,10.89708751,19.99373757
57,Belarus,2030,12.265058,10.53028168,18.40436161,12.58498769,10.89708751,18.76378811,13.59219847,10.82437821,19.64020538
44,Colombia,2020,2.71550025,3.269496257,5.365372505,2.724582086,3.278578094,5.374454341,2.724582086,3.283368513,5.37924476
44,Colombia,2025,2.634711826,4.748256737,5.57805015,2.734861527,4.816270709,5.646064122,2.8030751,4.902448353,5.646064122
44,Colombia,2030,2.634711826,5.374454341,6.228294411,2.8030751,5.433386477,6.23308483,2.8030751,5.327548154,5.95791018
46,Congo,2020,0.845620211,1.232430341,1.498563975,0.90488831,1.329208384,1.637764452,0.939037077,1.363357151,1.671913219
46,Congo,2025,1.730467732,1.498563975,2.887106139,1.861394541,1.671913219,2.975240586,1.913423181,1.708627619,3.009262066
46,Congo,2030,1.054985101,2.828794683,3.552192389,1.185911911,2.91692913,3.640326836,1.666655745,3.226105741,4.469191859
255,Belgium,2020,83.51837609,85.33481215,86.34586866,84.53625761,86.35269366,87.27693609,84.53625761,86.35269366,87.27693609
255,Belgium,2025,86.83186231,85.54160985,126.9219317,87.76292974,86.35269366,127.4725733,87.76292974,86.35269366,127.4725733
255,Belgium,2030,87.77693849,85.54160985,188.2648103,88.53437775,86.35269366,188.0580126,87.92545064,86.35269366,181.1788152
48,Costa Rica,2020,4.226581016,4.353063604,5.749234075,4.082129935,4.208612523,5.604782995,4.082129935,4.185518097,5.581688569
48,Costa Rica,2025,3.965395551,5.239563414,4.690377894,3.82094447,5.072017908,4.690377894,3.92263389,5.173707327,4.761367655
48,Costa Rica,2030,3.264482582,5.749234075,5.182679271,3.120031501,5.608480378,5.208902252,3.246489525,5.815976586,5.258468703
49,Cuba,2020,22.39518712,21.61452585,20.48690003,22.39518712,21.61452585,20.48690003,23.10010003,22.93713036,21.80950454
49,Cuba,2025,23.49868117,22.64378864,24.70746775,23.49868117,23.43241758,25.00954929,24.63198774,24.39059943,26.03310187
49,Cuba,2030,15.07024676,22.94587018,38.615861,16.13313645,24.39059943,43.94143395,16.13313645,24.63315921,44.29592675
50,Cyprus,2020,66.10836049,72.66088109,93.18948068,66.10836049,72.66088109,93.18948068,66.10836049,72.66088109,93.18948068
50,Cyprus,2025,49.94873034,71.42371445,108.6363564,49.94873034,71.42371445,108.6363564,54.22796611,75.66756355,112.8250449
50,Cyprus,2030,46.46185227,93.18948068,112.8034357,50.74108804,97.43332977,116.9921241,59.55146237,98.44301358,126.1069959
53,Benin,2020,20.87405321,27.23722436,20.43654242,35.48119726,38.86529328,33.0108156,43.23658438,46.89736624,44.88794983
53,Benin,2025,49.99668691,55.48897682,41.64524464,33.62024441,70.25557544,54.14486955,35.82237533,73.15483637,58.28455447
53,Benin,2030,34.61757968,50.72578978,46.17339335,38.38804785,58.5722764,50.24669501,42.89765026,59.59503209,48.18843044
54,Denmark,2020,30.5188924,142.7101069,71.34700895,30.2706501,141.4771882,70.18728297,30.34384282,141.5503809,70.26047569
54,Denmark,2025,111.1588769,91.24226765,66.05645292,111.05702,90.08254167,64.89672694,111.05702,90.08254167,64.89672694
54,Denmark,2030,54.21791783,83.17448326,59.20514729,53.14328289,81.11517192,58.39065297,53.14328289,81.11517192,62.32701497
56,Dominican Republic,2020,38.64965377,37.20905243,36.98109115,38.92499702,38.0496735,37.82171222,39.36490933,38.0496735,37.82171222
56,Dominican Republic,2025,40.17694918,37.82171222,70.22382459,41.9997527,40.70888925,67.24678082,41.9997527,40.81104694,68.81147454
56,Dominican Republic,2030,33.88551343,40.40694216,74.40952979,31.16974457,37.79333098,90.36632676,31.64792753,37.79333098,90.32260647
58,Ecuador,2020,6.656849445,9.737089603,9.186534808,6.737606399,9.817846557,9.267291762,6.77752888,9.759479024,9.208924229
58,Ecuador,2025,7.950828393,9.438487992,10.80947902,7.680528956,9.168188554,10.53917959,7.686122511,9.30368787,11.20178029
58,Ecuador,2030,6.142876363,9.544864341,10.20798944,5.95953543,9.194902341,10.23995478,6.257506246,10.05516796,11.40670315
59,Egypt,2020,128.8209472,126.4311475,150.6266545,128.8209472,126.4311475,150.6266545,128.8209472,126.4311475,150.6266545
59,Egypt,2025,128.8209472,150.6266545,153.3528233,128.8209472,150.6266545,153.3528233,128.5835458,150.3892532,153.115422
59,Egypt,2030,128.8209472,151.1427444,168.1506375,124.8895568,147.211354,164.3811577,123.6509411,147.211354,164.3811577
60,El Salvador,2020,23.70815752,19.15326373,17.50160019,25.90381039,21.3489166,19.69725306,30.63988857,21.62693698,19.97527343
60,El Salvador,2025,20.4674642,19.66164126,20.59518732,27.612631,22.35245164,23.2859977,27.4630261,22.6301705,23.37478955
60,El Salvador,2030,25.43819202,23.93357483,32.98151751,31.15603505,25.07749397,34.24500413,29.93575017,24.1152461,35.59497294
61,Equatorial Guinea,2020,3.168083073,3.592593937,3.640076779,3.676887522,4.101398386,4.285581877,3.248562684,3.673073548,3.90453976
61,Equatorial Guinea,2025,3.909584978,4.196992133,6.968346962,3.679468358,4.007763423,6.572692549,3.883731564,4.199576831,6.764505956
61,Equatorial Guinea,2030,3.997491052,6.675411116,8.609953095,4.189304459,6.867224523,8.584620997,4.189304459,6.867224523,8.773192131
63,Estonia,2020,14.06230811,15.80758433,14.82557798,14.06230811,15.80758433,14.82557798,14.05588953,15.80116575,14.8191594
63,Estonia,2025,12.99194973,16.71956327,17.49860012,12.98553116,16.71314469,17.49218154,12.98553116,16.71314469,17.86381299
63,Estonia,2030,12.96779593,16.71314469,17.22211447,12.96779593,16.71314469,17.59374592,12.96779593,16.71314469,17.59374592
80,Bosnia and Herzegovina,2020,4.929624016,3.948035723,3.193229603,5.088278288,4.106689995,3.193229603,5.246377988,4.583782075,3.670321684
80,Bosnia and Herzegovina,2025,4.425041632,3.420855555,2.857666825,4.741795604,4.056601907,3.087280469,5.264549035,4.59656428,3.115120959
80,Bosnia and Herzegovina,2030,2.188329486,3.510302089,4.133449497,2.144150646,4.369256843,4.3162922,2.2655613,4.562328999,4.440436364
67,Finland,2020,10.5819032,12.37721519,13.05788602,10.5819032,12.37721519,13.05788602,10.25700511,11.94428499,12.62495582
67,Finland,2025,9.097996833,14.45910595,12.21039283,9.003120087,14.02617575,11.77746263,9.056791734,14.06166701,11.81295389
67,Finland,2030,8.636327136,21.19628088,9.252060643,8.493549039,20.75868701,8.81913044,8.547220685,20.79884194,8.690305112
68,France,2020,27.88202327,33.80227027,38.38863112,27.86305569,33.83057574,38.45399632,27.86305569,32.17981266,36.18226385
68,France,2025,28.44667354,35.37439085,40.40036184,28.27246361,32.17981266,36.41804546,28.34658308,32.24780414,36.63602673
68,France,2030,29.6369135,35.97989437,56.94419154,29.54265922,32.79844758,53.59976947,29.57971896,32.87256704,53.69023024
73,Georgia,2020,4.064523326,4.585844424,4.454693827,4.112188907,4.633510005,4.502359408,4.193983454,4.715304552,4.594009788
73,Georgia,2025,3.569752244,4.391067008,4.930052521,3.569752244,4.472861555,4.909976517,3.636028548,4.539137859,5.129696706
73,Georgia,2030,3.306161944,4.405445702,5.191888991,3.372438248,4.471722007,5.355040234,3.375576141,4.471722007,8.425800277
74,Gabon,2020,0.932944349,1.001921485,1.311079127,0.914917875,0.983895011,1.293052653,0.914917875,0.983895011,1.293052653
74,Gabon,2025,0.96731258,1.311079127,5.973562603,0.949286106,1.293052653,5.973562603,1.044231955,1.387998501,5.973562603
74,Gabon,2030,1.111392003,4.987068419,9.194030991,1.001897418,4.987068419,6.212602993,1.087781894,5.302712222,6.212602993
75,Gambia,2020,10.21095657,10.20386133,21.96119653,12.64732021,12.64022496,24.16347288,13.19183231,13.18473707,26.64776557
75,Gambia,2025,14.94029478,32.83262687,32.17945037,14.6292175,32.51763484,31.86445834,14.56659768,32.51763484,37.27888974
75,Gambia,2030,13.33156795,28.35744442,32.62014922,13.26396092,29.1660327,31.90843881,13.90305521,27.73427147,27.39886944
79,Germany,2020,43.41922515,48.28561312,56.75488852,43.56085526,48.42724324,56.75488852,43.56085526,48.42724324,56.75488852
79,Germany,2025,42.95504386,48.28561312,74.41981908,42.95504386,48.42724324,74.41981908,63.09895833,69.54337993,93.14194993
79,Germany,2030,47.36828399,52.34445815,87.83615071,47.36828399,52.34445815,87.83615071,47.36828399,71.066589,106.5582816
81,Ghana,2020,19.17662695,21.95416255,24.14603313,20.88310762,23.58929768,25.69921534,32.15628403,34.91260486,36.2291485
81,Ghana,2025,31.86174755,30.57120023,32.1533469,44.1314366,42.06974717,44.85677613,51.05122736,49.33420517,55.84892957
81,Ghana,2030,55.65439504,51.25356001,141.5483871,57.28299138,56.45611741,150.3305725,53.39284317,50.80485324,146.7015402
84,Greece,2020,17.63659242,18.93301602,18.51533252,17.4428119,18.77130586,18.51533252,17.4428119,18.77130586,18.51533252
84,Greece,2025,9.870401331,18.73413207,19.25372014,9.869209972,18.57242191,19.25372014,9.428092342,18.51017901,19.25372014
84,Greece,2030,9.20998292,18.98698122,33.40866338,8.938150699,18.98698122,33.40866338,8.938150699,18.71706832,32.52150533
89,Guatemala,2020,23.66428626,21.36051601,21.9278776,22.43889657,21.58460032,22.15196191,23.63531828,22.78102204,23.34838363
89,Guatemala,2025,23.66428626,21.9278776,24.50064309,23.63531828,23.34838363,25.28229863,22.94962758,22.38925363,24.17147547
89,Guatemala,2030,22.43889657,24.91690663,28.49110228,22.94962758,24.74329072,28.90300814,24.14038624,26.57265031,30.11330915
233,Burkina Faso,2020,65.73190992,54.07968717,53.79563151,68.35038241,55.05252549,54.76846983,77.78053962,65.11716327,59.85371521
233,Burkina Faso,2025,63.43951296,58.62881612,68.90279106,67.05391704,62.2432202,75.02372796,54.69230667,54.25860155,67.03910931
233,Burkina Faso,2030,63.18425483,65.85717814,53.96397652,48.07822127,48.19983801,39.64395315,46.39546155,52.020913,39.92499203
90,Guinea,2020,1.339588624,2.7340096,6.673477018,1.418105505,2.759463569,6.692119753,1.340150415,2.681508479,6.262683856
90,Guinea,2025,1.737191738,8.880964957,12.84701966,1.259103021,7.675630769,11.24916923,3.20438795,18.45481538,19.08031624
90,Guinea,2030,1.817835073,10.19886154,11.35113846,3.683280258,20.01926154,26.20070342,4.905835541,20.91098462,26.9785547
91,Guyana,2020,2.547049721,2.489960197,2.272889336,2.547049721,2.489960197,2.272889336,2.483952308,2.426862784,2.209791923
91,Guyana,2025,2.520794013,2.368018712,1.943703643,2.457696601,2.304921299,1.980481928,2.611425672,2.530026999,2.327256831
91,Guyana,2030,2.583579401,2.322833527,1.603931003,2.584028412,2.585410053,1.863796215,2.584028412,2.447995035,1.796145276
93,Haiti,2020,11.83900959,17.53347256,14.81533938,11.83900959,17.60783638,14.8897032,11.83900959,17.60783638,14.8897032
93,Haiti,2025,11.65313292,12.38448945,25.20194428,11.83900959,12.64472995,24.0607882,22.75890542,24.14087247,27.57920879
93,Haiti,2030,11.7704237,15.09908701,38.12082642,11.68206319,15.32213145,31.44425998,17.43690043,29.81792245,57.48459694
95,Honduras,2020,8.133078015,14.41907796,12.91794213,9.183654967,16.95688049,17.21358666,9.45501917,18.29433615,18.55104232
95,Honduras,2025,9.02238088,16.2405256,19.96279575,9.584536064,19.76158191,24.11644996,10.64129956,20.72781238,24.74841238
95,Honduras,2030,9.655266296,18.41065584,23.87406928,10.25351581,21.43413283,23.9833589,10.89042183,22.91692451,29.24466334
97,Hungary,2020,5.928973681,7.295213396,11.00006587,5.928973681,7.295213396,11.00006587,5.928973681,7.295213396,10.95124607
97,Hungary,2025,6.19070396,7.30442468,15.01848625,6.194388473,7.538103436,15.2033452,6.329813536,7.546009788,15.43456641
97,Hungary,2030,7.637664521,8.220488355,14.07874688,7.922600234,8.168214319,14.54364685,7.603889814,7.842883289,14.54364685
115,Cambodia,2020,4.331671149,6.047144439,5.995321415,4.353692981,6.128919475,5.884864209,4.173594895,6.128919475,5.884864209
115,Cambodia,2025,3.505724157,5.79092074,6.077080631,4.049688719,6.045880399,6.619874492,4.577469134,5.983445657,6.075609345
115,Cambodia,2030,4.205666149,6.090875916,5.314628487,5.03607273,6.946921901,6.344618468,5.322283773,6.662701049,6.13295892
98,Croatia,2020,2.443241891,2.309615637,2.774442756,2.452299158,2.269358393,2.758707522,2.303448475,2.115270815,2.575925606
98,Croatia,2025,2.616880049,2.371721172,3.193277057,2.629099472,2.176174427,2.959578438,2.620421541,2.167496496,2.961616381
98,Croatia,2030,2.588637071,2.380928324,3.62145069,2.593873967,2.185381579,3.357664624,2.673715095,2.335834958,3.746793217
99,Iceland,2020,1.628126557,1.534533678,1.382000876,1.628126557,1.574475699,1.421942897,1.628126557,1.574475699,1.421942897
99,Iceland,2025,1.15385469,1.421723966,1.269191164,1.15385469,1.421723966,1.269191164,1.15385469,1.421723966,1.269191164
99,Iceland,2030,1.146516737,1.261418369,1.245282421,1.146516737,1.261418369,1.245282421,1.146516737,1.261418369,1.245282421
100,India,2020,65.34551802,65.28596365,65.26679673,65.34551802,65.28596365,65.26679673,65.34551802,65.28596365,65.26679673
100,India,2025,61.06924051,65.01283499,65.01283499,61.06924051,65.01283499,65.01283499,61.06924051,65.01283499,65.01283499
100,India,2030,59.32641955,64.63189239,64.63189239,58.69322655,64.14210905,64.14210905,58.69322655,63.95968101,63.95968101
101,Indonesia,2020,26.68343704,33.5661037,37.46002963,26.68343704,33.5661037,37.46002963,26.68343704,33.5661037,37.46002963
101,Indonesia,2025,26.03573333,37.46002963,36.21914074,26.03573333,37.46002963,36.21914074,26.03573333,37.46002963,36.21914074
101,Indonesia,2030,19.11463704,37.46002963,36.21914074,19.11463704,37.46002963,36.21914074,19.11463704,37.46002963,36.21914074
107,Côte d'Ivoire,2020,21.54163699,27.45523886,26.83585766,22.54980979,27.71180629,27.09242508,23.56994989,28.73194639,28.04090728
107,Côte d'Ivoire,2025,32.10124781,45.38787945,30.03031961,40.64827788,54.11456509,42.67527729,44.96541156,58.43169877,49.48219498
107,Côte d'Ivoire,2030,43.49605954,52.4290718,70.67770967,49.04553415,57.70607122,78.68593112,45.78415061,54.18490952,67.17294221
351,China,2020,43.44509374,43.35281227,43.35281227,43.44509374,43.35281227,43.35281227,43.44509374,43.35281227,43.35281227
351,China,2025,41.00121743,43.35281227,43.35281227,41.00121743,43.35281227,43.35281227,41.00121743,43.35281227,43.35281227
351,China,2030,39.88385683,43.35281227,43.35281227,39.88385683,43.35281227,43.35281227,39.88385683,43.35281227,43.35281227
167,Czechia,2020,42.60358517,47.28915421,93.08100024,42.47382037,47.15938941,93.01611784,42.47382037,47.15938941,93.01611784
167,Czechia,2025,43.13214234,47.15938941,97.10016082,43.13214234,47.15938941,97.10016082,42.45695986,46.54908933,97.10016082
167,Czechia,2030,44.72714992,49.68878925,213.6935442,44.05196744,49.07848917,213.6935442,43.24970669,46.51843352,208.7530197
250,Democratic Republic of the Congo,2020,8.145519047,9.036150754,9.305901833,8.53997898,9.336331453,9.606082531,8.53997898,9.336331453,9.606082531
250,Democratic Republic of the Congo,2025,8.9584589,9.587760814,10.97888705,8.9584589,9.587760814,10.97888705,10.66892355,10.94489545,12.38575064
250,Democratic Republic of the Congo,2030,9.216809382,10.98806948,10.42019692,10.57394402,12.39493307,10.97597079,14.38464432,16.10993694,14.05567209
175,Guinea-Bissau,2020,3.363318569,3.854877437,4.330265704,3.82580195,4.555637171,5.031025439,3.596302004,4.341517091,4.806269082
175,Guinea-Bissau,2025,4.946479775,5.611869456,10.06603736,4.722388186,5.804207116,9.756509051,4.722388186,5.779598063,12.20334666
175,Guinea-Bissau,2030,5.975451822,7.828113697,7.983753299,6.51342903,9.096489766,11.3848929,6.719188764,9.239832596,9.360889095
178,Eritrea,2020,14.41436265,23.46761623,18.70027112,16.8120073,25.70169841,19.82420225,16.8120073,25.70169841,19.82420225
178,Eritrea,2025,17.60309793,20.4936851,47.05188884,23.10809025,25.99867742,54.78614384,25.70217627,28.59276344,57.47377185
178,Eritrea,2030,18.43603809,41.51798745,48.32083406,26.53511643,49.6170658,58.74271706,28.49619839,52.55421377,59.9152721
209,Eswatini,2020,53.21283685,53.35372284,54.36809053,52.27097451,51.94593215,52.96029984,52.68446831,52.35942594,54.1864298
209,Eswatini,2025,53.21283685,54.71376954,56.48382014,52.27097451,53.30597886,56.91043194,50.81714401,52.66478452,58.44449783
209,Eswatini,2030,57.31244954,55.59136173,62.31457944,54.89503648,52.81493956,62.74119124,50.76014178,49.61516953,63.73904717
238,Ethiopia,2020,190.5952599,223.1374618,226.6033129,190.5952599,223.1374618,226.6033129,190.5952599,223.1374618,226.6033129
238,Ethiopia,2025,184.8395685,226.6033129,233.7307339,185.4037887,231.1226809,239.361213,189.1820251,234.9009174,256.3667686
238,Ethiopia,2030,185.4037887,250.9911825,240.8627421,189.1820251,246.1659531,257.8682977,190.2115868,246.1659531,257.8682977
102,Iran (Islamic Republic of),2020,78.41469816,70.99448819,74.03910761,78.41469816,70.99448819,74.03910761,78.41469816,70.99448819,74.03910761
102,Iran (Islamic Republic of),2025,78.41469816,72.81717702,73.63101973,78.13181686,72.81717702,73.63101973,74.39953339,69.46838728,70.28223
102,Iran (Islamic Republic of),2030,76.66200058,74.60282881,80.65532225,74.17381161,71.25403908,77.30653252,72.80810732,70.04231554,77.4917177
103,Iraq,2020,65.32724719,65.32724719,63.16713483,65.32724719,65.32724719,63.16713483,63.76433755,63.76433755,61.60422519
103,Iraq,2025,65.32724719,67.75304307,85.90308989,65.32724719,67.75304307,85.90308989,63.24982444,65.67562032,85.5096559
103,Iraq,2030,65.5678839,84.91900749,102.7720037,63.76433755,84.2849368,102.4632491,63.24982444,85.04195927,104.9339888
104,Ireland,2020,7.201840719,11.20313635,7.542750909,7.32421113,11.32550676,7.542750909,8.095912908,11.85588854,8.027455753
104,Ireland,2025,6.998362608,8.327969067,9.973545075,6.998362608,8.327969067,9.973545075,6.834583333,8.164189793,9.434672228
104,Ireland,2030,7.135066507,8.327969067,10.04909635,6.971287232,8.036663325,9.40416533,6.971287232,8.036663325,9.40416533
105,Israel,2020,140.3893267,203.3563945,308.2887384,151.7027021,219.2422829,321.6856268,164.882468,232.4220489,315.773952
105,Israel,2025,141.7927144,218.0130456,674.4053067,154.9724803,231.1928115,677.8763906,154.9724803,231.1928115,679.0957274
105,Israel,2030,141.7927144,379.9549737,722.4655833,154.9724803,380.4007218,731.4006767,152.9881822,380.4007218,731.4006767
106,Italy,2020,25.12312392,30.85147003,31.53417335,25.12312392,30.85147003,31.53417335,25.00842952,30.73677563,31.67867947
106,Italy,2025,15.60204032,25.51787235,33.2194907,15.60204032,25.51787235,33.36399683,14.99402786,23.66825271,31.4045584
106,Italy,2030,12.63488707,24.604811,36.95001028,13.42056569,25.49886921,36.94061151,12.96029019,23.69683085,35.02258642
110,Japan,2020,38.60500639,41.01854406,37.5948659,38.46309068,40.81823755,37.42842912,44.52776501,46.78421456,43.39440613
110,Japan,2025,36.23505747,41.0559387,38.36899106,35.99444444,40.55954023,37.90646232,42.25651341,46.8216092,44.16853129
110,Japan,2030,32.56375479,41.00689655,37.78140485,38.61908046,46.8216092,43.81220945,38.61908046,46.8216092,43.81220945
112,Jordan,2020,273.2590165,469.8736748,527.1340149,278.8076807,500.6762738,590.6368022,282.1616881,504.0302813,593.9908097
112,Jordan,2025,405.8000109,527.1340149,1118.329176,445.4492892,593.9908097,1256.794122,445.4492892,593.9908097,1237.558819
112,Jordan,2030,406.0030604,651.6845373,970.7261786,445.6523386,568.5800961,738.6357539,445.6523386,615.8204697,1149.829562
108,Kazakhstan,2020,29.38364082,28.55846858,27.12098303,29.38364082,28.55846858,27.12098303,29.38364082,28.55846858,27.12098303
108,Kazakhstan,2025,30.25662366,27.35802469,40.09233828,30.25662366,27.35802469,40.30318583,32.15101494,29.62778009,44.42604152
108,Kazakhstan,2030,29.82507976,30.09395663,48.09023443,31.79391501,31.66930226,53.74267505,31.92934757,31.70583067,53.87198872
114,Kenya,2020,152.1879637,277.6199505,314.6941467,154.7842814,279.773839,314.2517175,154.1536136,278.9686727,314.2517175
114,Kenya,2025,154.6894751,331.1706513,496.3595768,144.7139324,328.2126958,496.5986535,150.5968673,334.0956307,496.5986535
114,Kenya,2030,247.2335807,487.131767,645.3279747,252.7359165,487.131767,645.3279747,262.4448108,485.3194559,645.3279747
113,Kyrgyzstan,2020,46.61770752,42.52508805,46.27984872,46.61770752,42.52508805,46.27984872,46.61770752,42.52508805,42.64226541
113,Kyrgyzstan,2025,47.85997144,44.03248873,36.55709184,47.71596122,43.88847851,36.41308162,46.34597074,42.5197864,38.1310513
113,Kyrgyzstan,2030,48.47496321,38.87053009,30.90865854,46.96096252,35.53719676,29.39595622,44.34923829,35.57868644,34.22601714
120,Lao People's Democratic Republic,2020,1.749657295,2.247242041,3.072033696,1.728392627,2.225977373,3.050769029,1.778303536,2.295169029,3.121601275
120,Lao People's Democratic Republic,2025,1.734784812,3.014373295,5.062883461,1.724869992,2.816266385,5.001040784,1.802160301,2.871320709,5.130258515
120,Lao People's Democratic Republic,2030,1.573926924,2.672847116,5.153561984,1.818554848,2.823386897,5.464356574,2.458785183,2.679972439,5.638954575
119,Latvia,2020,1.813178719,1.829025311,1.42522776,1.989712471,2.005559063,1.601761512,2.192149779,2.192149779,1.601761512
119,Latvia,2025,2.887892266,2.192149779,1.612670586,2.887892266,2.192149779,1.612670586,2.995277848,2.299535361,1.720056168
119,Latvia,2030,1.876820439,2.192149779,1.641525428,1.984206022,2.299535361,1.74891101,1.906336579,2.221665918,1.671041567
121,Lebanon,2020,63.41447567,56.20180713,54.231045,63.80167013,56.58900159,54.61823946,63.80167013,56.58900159,54.61823946
121,Lebanon,2025,47.18865469,53.95925104,57.45185531,49.57992374,57.72030161,61.21290588,49.57992374,57.72030161,61.21290588
121,Lebanon,2030,46.48860422,52.29727109,67.06574239,49.85975646,57.09444539,71.70717367,49.85975646,57.09444539,67.98015658
122,Lesotho,2020,18.15875697,19.17306958,47.39331338,18.59044349,19.6047561,47.43640392,19.85539826,20.86971086,46.56511297
122,Lesotho,2025,15.56154289,22.65859107,59.68974529,17.0066057,24.35523236,62.21089071,22.05601011,29.23526881,63.89454624
122,Lesotho,2030,16.31326549,54.04188462,84.92083622,16.61293259,53.54682228,65.01446837,23.53970471,60.1323199,65.26382722
123,Liberia,2020,1.982928794,2.735796663,3.609443939,1.459738376,2.212606244,3.023574373,1.716851902,2.461229433,3.121949977
123,Liberia,2025,2.646754277,3.766698515,4.592945386,2.556465429,3.193949723,4.606066159,1.776043481,2.676772685,4.886596554
123,Liberia,2030,2.427310968,3.554525499,7.786619316,2.472081835,3.565628693,7.836281152,1.932699944,3.069157343,8.186985158
126,Lithuania,2020,20.89738044,24.33471121,25.16302171,20.89738044,24.33471121,25.16302171,20.89738044,24.33471121,25.16302171
126,Lithuania,2025,20.84837779,23.67414884,32.47881118,20.84837779,23.67414884,32.47881118,20.84837779,23.67414884,32.47881118
126,Lithuania,2030,20.81497236,23.7015461,35.1523504,20.81497236,23.7015461,35.24030281,20.81497236,23.7015461,35.24030281
256,Luxembourg,2020,5.020694796,10.7050293,9.873291521,5.020694796,10.7050293,9.873291521,5.020694796,10.7050293,9.873291521
256,Luxembourg,2025,5.020694796,9.358642544,27.89606127,5.020694796,9.358642544,27.89606127,5.020694796,9.358642544,27.89606127
256,Luxembourg,2030,5.020694796,9.873291521,27.94653539,5.020694796,9.873291521,27.94653539,5.020694796,9.873291521,27.94653539
129,Madagascar,2020,8.420924221,9.289051604,8.747213389,15.97984007,14.69797861,15.3259033,9.753749884,10.58599814,11.21392283
129,Madagascar,2025,15.74384007,15.14693259,15.14693259,17.45299675,15.0331325,15.0331325,18.10381962,15.70957601,15.70957601
129,Madagascar,2030,18.20844723,16.79813668,18.12739191,18.99600651,17.78967085,18.75980474,19.97962064,19.32210321,20.2922371
130,Malawi,2020,34.88163534,64.21261773,62.23437836,37.5793231,66.91030548,64.93206611,38.03818862,67.34121762,65.36297825
130,Malawi,2025,72.9473473,125.5889276,138.6105019,73.40621282,126.0198397,138.6105019,70.70243266,123.3160596,136.512493
130,Malawi,2030,104.9277369,190.8106051,182.685933,106.2849381,192.3147121,184.19004,165.5751659,233.1851804,237.4454909
131,Malaysia,2020,7.195709402,7.22225641,7.268621083,7.390923077,7.417470085,7.268621083,7.390923077,7.417470085,7.268621083
131,Malaysia,2025,8.275293447,8.127350427,10.62235897,8.275293447,8.167849003,10.66285755,8.275293447,8.167849003,10.66285755
131,Malaysia,2030,15.27859259,16.75401994,24.92587179,15.27859259,16.75401994,24.92587179,15.21637037,16.6514416,24.90072934
133,Mali,2020,7.057024005,9.441314986,12.91103035,7.819644033,10.20393501,13.46751183,8.076176955,10.58817027,13.72522788
133,Mali,2025,8.028329733,7.870819444,8.864285665,8.539686043,8.573173697,10.48441255,5.564493141,5.572865912,6.291112654
133,Mali,2030,11.79637329,12.24736351,8.566985597,7.995815158,8.711388717,5.735794753,11.48552623,12.59224777,11.15945216
136,Mauritania,2020,12.3508142,16.74133671,29.89861636,12.3508142,16.74133671,29.89861636,12.01915659,15.80576216,28.92374135
136,Mauritania,2025,12.3508142,16.54967929,17.69426674,12.26576693,15.57480429,16.71939174,13.11325388,15.99124716,17.06771383
136,Mauritania,2030,16.13188495,16.96015068,31.50314784,15.95657764,16.32946576,30.73520609,26.01040944,18.25101878,26.31634515
138,Mexico,2020,31.67596066,29.44246478,30.76193007,31.21634575,28.98284988,30.32982204,31.21634575,29.01035676,30.35732892
138,Mexico,2025,31.48803868,30.5915854,31.69900809,31.02842377,30.18698425,31.46920063,31.02842377,30.18698425,31.46920063
138,Mexico,2030,29.85258815,29.65630991,33.75668917,29.39297324,29.22420188,33.75668917,29.40672668,29.23795532,33.82395599
141,Mongolia,2020,5.69671721,6.829773174,9.362505045,5.69671721,6.465223492,8.997955363,5.69671721,6.465223492,8.997955363
141,Mongolia,2025,7.902017794,10.5309962,34.56375366,8.25860125,10.91525595,34.64282855,8.25860125,10.91525595,34.64282855
141,Mongolia,2030,8.46486431,15.35057705,33.93269012,8.483860068,15.34622071,29.21139484,8.264574703,15.29727308,32.12094779
143,Morocco,2020,51.9189107,52.90068641,54.68492829,51.9189107,52.90068641,54.68492829,51.34418151,52.32595722,54.1101991
143,Morocco,2025,52.38083809,54.68492829,59.89573167,51.8061089,54.1101991,62.74633727,56.29471405,58.59880425,67.23494243
143,Morocco,2030,55.45880734,54.9499992,184.1624666,56.35802173,54.58327333,187.0130722,66.29903412,67.1352075,194.5011387
144,Mozambique,2020,7.959873695,5.308528207,4.977810807,8.927650152,6.302582904,5.193308231,11.45961607,8.834548818,7.722261858
144,Mozambique,2025,4.505735764,4.920894438,9.408647113,3.888672744,3.895349452,8.347787026,3.847630995,2.905714758,7.369656494
144,Mozambique,2030,5.16285031,9.523550007,35.3029568,3.261978993,7.535451182,34.90236227,3.384752147,8.868754129,42.62173999
28,Myanmar,2020,5.498270035,6.181293111,6.677881825,5.705064683,6.388087759,6.884676473,5.705064683,6.388087759,6.908527549
28,Myanmar,2025,5.271870966,6.396613646,6.082584061,5.358991385,6.62725937,7.512403723,5.427926812,6.696194798,7.618831879
28,Myanmar,2030,5.106365458,6.677881825,6.203246073,5.193737961,6.908527549,8.065892379,5.041595243,6.977462977,8.065892379
147,Namibia,2020,1.099789655,3.695546089,4.142668098,1.099789655,3.042369027,3.592455584,1.141993122,2.899418742,3.463946008
147,Namibia,2025,1.303748206,4.358033682,3.575643589,1.303748206,3.570453605,3.145570934,1.233874452,3.341847248,3.020824149
147,Namibia,2030,1.406084528,4.423803546,2.85898679,1.423766544,3.683563231,5.923096592,1.338733866,3.465246197,2.907105919
149,Nepal,2020,11.30170712,11.77965945,11.17133438,11.30170712,11.77965945,11.17133438,11.30170712,11.77965945,11.17133438
149,Nepal,2025,10.12129014,10.19424023,11.17133438,9.17037896,12.33222961,12.72527569,9.175367583,13.62652916,13.22839722
149,Nepal,2030,8.799692222,13.30932376,17.61460704,10.82484441,17.54368691,18.62799755,10.93604985,16.67380438,17.40065543
150,Netherlands,2020,18.15911968,29.95892665,30.35238276,18.15911968,29.95892665,30.35238276,18.15911968,29.95892665,30.35238276
150,Netherlands,2025,16.3837511,29.95892665,32.05227517,16.3837511,29.95892665,32.05227517,16.3837511,29.95892665,32.05227517
150,Netherlands,2030,15.07073293,29.95892665,32.0467059,15.07073293,29.95892665,32.0467059,15.07073293,29.95892665,32.0467059
157,Nicaragua,2020,5.484165256,4.317261875,4.848609751,5.484165256,4.213445702,4.744793579,5.482537566,4.211818012,4.690459664
157,Nicaragua,2025,4.463687362,4.103730752,4.854818515,4.564793819,4.282143783,5.022747544,4.632139175,4.448910508,5.116618898
157,Nicaragua,2030,4.509453505,4.64601522,5.740225863,4.700027482,5.177912834,7.958823885,5.113458377,5.613098449,10.36523308
158,Niger,2020,36.80546075,41.34556314,46.61660978,39.44098407,43.98108646,49.25213311,44.28548066,48.82558305,54.09662969
158,Niger,2025,48.82558305,53.97205631,50.3426479,43.97120307,49.11767634,45.55211889,53.75078214,57.64042947,51.76670933
158,Niger,2030,53.75647042,45.89554892,96.45826223,64.97191411,55.00447952,102.9202929,64.52133106,54.39419795,104.7973549
159,Nigeria,2020,37.59259259,65.61903531,106.9930233,38.7290267,65.61903531,110.6002584,39.1040913,67.50189492,114.0221361
159,Nigeria,2025,44.68630491,113.3360896,145.7260121,46.37868217,123.9724376,160.1549526,46.00439276,125.8552972,161.0963824
159,Nigeria,2030,47.09672696,143.9568475,142.6626184,48.78910422,158.3857881,157.091559,48.41481481,159.3272179,158.0329888
154,North Macedonia,2020,13.257174,14.71427103,16.34127126,13.257174,14.42635557,16.0533558,14.05888423,14.96096558,16.62507455
154,North Macedonia,2025,9.009330962,11.72636498,15.6735818,10.18129504,11.98981225,15.72671929,9.687157143,11.49567436,15.23258139
154,North Macedonia,2030,9.006063308,11.13484305,32.65982011,9.577117815,10.90415243,29.86785962,10.5852656,11.91230022,29.82752403
162,Norway,2020,2.255800773,3.156485183,2.351280282,2.255800773,3.156485183,2.351280282,2.255800773,3.156485183,2.351280282
162,Norway,2025,2.11002046,4.367486451,2.528092703,2.11002046,4.367486451,2.528092703,2.084139598,4.310933852,2.473339852
162,Norway,2030,1.99933967,2.31279697,2.722387808,2.054130545,2.351280282,2.722524625,1.976487959,2.242965961,2.566504346
165,Pakistan,2020,103.2280228,100.5658821,96.05054905,103.2280228,100.5658821,96.05054905,103.2280228,100.5658821,96.05054905
165,Pakistan,2025,103.2280228,96.05054905,120.2113026,103.2280228,96.05054905,120.2113026,103.2280228,98.90517964,131.629825
165,Pakistan,2030,103.2280228,103.9881671,117.7870478,103.2280228,115.4066894,129.2055702,103.2825525,118.8596473,129.2055702
166,Panama,2020,0.925625873,1.146287169,2.703324541,0.925625873,1.146287169,2.703324541,0.925625873,1.146287169,2.703324541
166,Panama,2025,0.930671645,1.223960923,3.181578761,0.930671645,1.223960923,3.19325718,1.0156289,1.451727149,3.366727197
166,Panama,2030,0.970485268,1.408544249,1.843146045,1.055442524,1.601839301,1.986929969,1.097702675,1.70022567,1.994482888
168,Papua New Guinea,2020,1.484543522,1.704804442,2.370492294,1.492010638,1.712271559,2.370492294,1.549369829,1.769630749,2.705524335
168,Papua New Guinea,2025,1.481620531,2.370492294,2.63786884,1.489087648,2.370492294,2.63786884,1.572559486,2.705524335,2.913609144
168,Papua New Guinea,2030,1.69016803,2.410991568,3.030009743,1.51502619,2.454980326,4.249882331,1.658349148,3.354864514,5.056979951
169,Paraguay,2020,2.106007456,2.66923686,3.482469666,2.106007456,2.66923686,3.482469666,3.100608216,3.018539775,3.831772581
169,Paraguay,2025,2.031285614,3.363087495,5.427809886,2.516853843,3.150625668,5.206010139,2.771708089,2.877114895,4.86286692
169,Paraguay,2030,2.618890176,3.344785847,6.155122624,2.741974249,2.855188406,5.840116286,2.922407709,2.942894363,5.832765209
170,Peru,2020,2.933469894,2.933817505,3.147846058,2.933469894,2.933817505,3.147846058,2.907709497,2.908057107,3.136734947
170,Peru,2025,2.855965239,2.848299193,3.228630354,2.830204842,2.837188082,3.217519243,2.942681564,2.953372646,3.308191703
170,Peru,2030,3.125692117,2.843693979,3.863462549,3.181930478,2.903640182,3.897896648,3.309056487,2.97458473,4.082000724
171,Philippines,2020,24.5922246,24.16826319,25.26923469,24.45625701,24.13860865,25.26923469,24.38899929,24.07135093,26.3623085
171,Philippines,2025,24.38899929,26.3623085,24.26279765,24.38899929,26.3623085,24.26279765,23.93516254,25.8252658,23.72575495
171,Philippines,2030,24.48336391,26.16114678,24.68514556,24.24587282,25.15876898,25.14681205,23.93190156,25.22082951,25.20887258
173,Poland,2020,55.66678205,53.37821622,56.402023,55.66678205,53.37821622,56.402023,55.93215646,53.64359063,56.66739741
173,Poland,2025,54.22129918,53.64359063,60.80223838,54.08284297,53.50513442,60.80223838,54.08284297,53.50513442,60.80223838
173,Poland,2030,44.26975886,53.26860505,83.77743164,44.26975886,53.26860505,83.77743164,44.26975886,53.26860505,84.87700473
174,Portugal,2020,10.23610084,18.11022076,18.66872879,10.22571975,18.11022076,18.66872879,10.61967193,18.11022076,18.66872879
174,Portugal,2025,8.547359651,17.60828798,18.23628064,8.748257112,17.60828798,18.23628064,8.533335138,17.58732488,18.23628064
174,Portugal,2030,7.363447051,14.43474216,17.88574372,7.569012653,14.78577022,17.88574372,7.596338351,14.10597651,17.42324701
117,Republic of Korea,2020,84.45320101,105.1692936,132.4012454,84.45320101,105.1692936,132.7602646,84.45320101,105.1692936,132.7602646
117,Republic of Korea,2025,72.58990076,109.6127651,138.663164,72.58990076,109.9717844,137.5121619,72.58990076,109.9717844,137.5121619
117,Republic of Korea,2030,72.58990076,127.5496205,167.7164818,72.58990076,127.9086398,166.5654797,72.58990076,127.9086398,165.0252968
146,Republic of Moldova,2020,23.99660109,20.83846329,23.74484632,34.65111774,30.01547547,31.22821431,38.40400482,34.28099248,34.64381547
146,Republic of Moldova,2025,31.1597225,34.66036954,46.95973346,31.78090645,37.41896562,49.86270469,52.50536442,59.32620253,76.43523876
146,Republic of Moldova,2030,34.51264918,40.95320315,50.5225981,54.37661479,62.36055556,77.99700657,29.99608316,31.02401957,25.73189668
183,Romania,2020,13.99985435,9.950499376,10.08826467,13.99985435,9.950499376,10.08826467,14.14710778,10.09775281,10.2355181
183,Romania,2025,14.51803995,12.81071577,11.0409176,14.66529338,12.95796921,11.18817104,14.66529338,13.18768206,11.18817104
183,Romania,2030,14.64030379,13.25228881,10.51935081,14.64030379,13.48200166,10.51935081,14.64030379,13.48200166,10.51935081
185,Russian Federation,2020,4.207888041,4.671897088,4.521260956,4.199618321,4.663627368,4.521260956,4.199618321,4.663627368,4.521260956
185,Russian Federation,2025,4.221967769,4.419847328,4.648805485,4.213698049,4.411577608,4.648805485,4.211365564,4.409245123,4.648805485
185,Russian Federation,2030,4.141949958,4.419847328,4.804000565,4.047505513,4.409245123,4.815408538,4.032980492,4.433969466,4.899590048
184,Rwanda,2020,41.58514861,60.17713951,72.18059979,67.03094209,78.52580274,76.93674402,91.1621599,109.1835106,139.9015159
184,Rwanda,2025,81.70155221,147.8901356,207.734989,93.51760491,166.5277368,216.1589404,87.79906186,155.5365668,223.7246137
184,Rwanda,2030,78.12025392,232.1754967,233.8487859,130.298093,229.7251656,219.6986755,136.9661394,241.1600442,231.7693157
195,Senegal,2020,79.42441963,81.85885167,80.59693425,78.6092504,81.04368244,79.80940989,80.05918837,82.10021265,80.8659401
195,Senegal,2025,82.54084707,80.8592947,108.3919428,83.32996633,81.72496899,108.3919428,76.30887826,72.688818,100.1709611
195,Senegal,2030,83.11899699,107.18691,102.3619351,76.09790891,99.98901294,103.4817296,81.21649241,85.44987891,123.1921673
197,Sierra Leone,2020,5.746104645,5.398975123,8.966966802,6.346552302,5.99942278,8.966966802,6.33011928,5.982989758,8.863088298
197,Sierra Leone,2025,12.36116559,14.22784956,12.1137379,11.720871,13.58225701,11.55559083,11.19548159,13.42262214,11.33377061
197,Sierra Leone,2030,6.382334787,5.856782777,7.253720802,5.656565119,5.578915174,7.29973875,5.845068169,5.538413997,7.043282933
199,Slovakia,2020,9.957969228,5.939402102,16.76110481,9.720878006,6.212064179,17.03376689,10.09777264,6.588958811,17.32216468
199,Slovakia,2025,9.471163075,5.657417019,14.44909607,9.790473202,6.328392738,14.98811539,9.790473202,6.470389295,15.14063021
199,Slovakia,2030,13.94482334,6.034311651,12.75267601,13.94659232,6.470389295,12.96772669,14.7900949,7.80740163,13.00321149
198,Slovenia,2020,4.73997614,5.954395994,5.655803736,4.73997614,5.954395994,5.655803736,4.73997614,5.954395994,5.655803736
198,Slovenia,2025,4.49007756,5.954395994,5.814926744,4.49007756,5.954395994,5.814926744,4.49007756,5.954395994,5.814926744
198,Slovenia,2030,4.624808233,5.954395994,6.440993824,4.624808233,5.954395994,6.440993824,4.624808233,5.954395994,7.431334235
201,Somalia,2020,27.77198694,33.8838812,37.2039764,25.42333306,32.3010065,35.62110169,23.87913157,30.756805,34.07690019
201,Somalia,2025,30.59953394,40.02885617,53.0713967,27.53740889,37.94422133,50.98676186,26.81498835,41.45939313,55.40331697
201,Somalia,2030,32.9238931,41.57776786,53.31595518,30.94868362,40.22197432,53.46916059,38.49913233,47.22331301,57.7973375
202,South Africa,2020,134.2272388,152.880777,207.5397588,137.7879176,156.4414559,207.5397588,137.7879176,156.4414559,211.2178461
202,South Africa,2025,92.98324261,168.9193084,221.5102999,96.54392144,168.9193084,227.7046643,91.49215498,164.6499093,223.4352652
202,South Africa,2030,70.13928915,214.8921977,242.1038531,73.69996798,218.570285,226.1080158,68.64820152,214.3008859,221.8386167
203,Spain,2020,40.55754782,44.99635719,56.2552021,40.61389865,45.05270801,56.31155293,40.50619586,44.94727743,56.47651544
203,Spain,2025,40.55830523,44.99635719,87.15742129,39.98479921,44.94727743,86.58073418,39.97889146,44.94727743,86.58073418
203,Spain,2030,35.51204806,37.72687298,93.71047742,35.02170496,37.75868393,89.41963443,34.69977278,37.43675175,88.4107728
38,Sri Lanka,2020,102.3459561,103.9793517,111.9003428,98.45293751,100.0863332,107.391616,98.45293751,100.0863332,107.391616
38,Sri Lanka,2025,157.0599579,170.4599501,173.3585009,148.762311,162.1623033,165.060854,151.7316893,168.2758298,172.8910706
38,Sri Lanka,2030,147.1536154,165.9512233,198.7118591,149.3170095,168.4436653,200.5970079,158.7019635,178.8084775,206.7385071
207,Suriname,2020,3.911785176,3.911785176,3.911785176,3.710483868,3.710483868,3.710483868,3.710483868,3.710483868,3.710483868
207,Suriname,2025,3.919952804,3.911785176,3.409680745,3.718651496,3.710483868,3.208379436,3.604638082,3.596470453,3.094366022
207,Suriname,2030,3.853898175,3.911785176,3.273434791,3.669751046,3.596470453,3.022503932,4.304987308,4.231706715,3.022503932
210,Sweden,2020,6.428826007,10.31028948,10.72933286,6.43166391,10.31028948,10.72933286,6.395364407,10.31028948,10.72933286
210,Sweden,2025,4.401020611,10.31489506,10.64987478,4.364721108,10.31489506,10.64987478,4.364721108,10.31489506,10.70408354
210,Sweden,2030,4.637516141,10.78916153,12.22655971,4.601216638,10.78916153,11.89423648,4.601216638,10.78916153,11.89423648
211,Switzerland,2020,8.021416417,8.102143598,20.71059716,8.021416417,8.102143598,20.71059716,8.021416417,8.102143598,20.71059716
211,Switzerland,2025,12.0678017,11.02873125,26.71656801,12.0678017,11.02873125,26.71656801,12.0678017,11.02873125,26.71656801
211,Switzerland,2030,9.022151242,17.77589931,24.68491278,9.022151242,17.77589931,24.68491278,9.022151242,17.77589931,24.68491278
212,Syrian Arab Republic,2020,150.1169799,133.3306612,116.5194026,150.1169799,133.3306612,116.5194026,156.6346011,139.6760785,125.6503667
212,Syrian Arab Republic,2025,113.6254862,124.8214127,106.8224296,103.0005047,131.16683,117.5017567,110.0631414,138.8545471,125.1894738
212,Syrian Arab Republic,2030,73.36304841,124.6492088,95.37889809,74.02059024,139.0124996,120.3410429,81.41452154,144.2890651,134.8180478
208,Tajikistan,2020,60.53355851,49.16493028,49.71616835,59.44461391,48.07598568,48.62722375,60.04375848,50.65736919,49.76741009
208,Tajikistan,2025,63.42053422,54.29770212,51.24102871,49.98818826,39.52471257,40.12549543,47.72612642,37.92687644,38.52765931
208,Tajikistan,2030,47.58351746,38.25189733,37.67480318,45.89958818,36.18302281,35.65004178,47.19214822,42.05912662,35.40858513
216,Thailand,2020,20.51305667,23.12643909,24.04226908,20.27253905,22.84996653,23.78373494,20.27253905,22.84996653,23.78373494
216,Thailand,2025,19.86484679,22.81124498,27.64226908,19.6570824,22.81124498,27.75157296,19.6570824,22.62730924,27.60358099
216,Thailand,2030,17.72401681,22.70361446,28.69206827,17.57567901,22.76864123,28.82041499,17.24676335,22.89524766,29.50843373
176,Timor-Leste,2020,12.99504448,12.30522296,12.459349,12.9938385,12.30401698,12.45814302,12.9938385,12.30401698,12.45814302
176,Timor-Leste,2025,13.25119225,12.7151334,15.14030128,11.87951143,11.18221441,13.60738229,10.49504448,10.23672478,11.52620632
176,Timor-Leste,2030,11.60716492,12.8435201,12.55332454,9.739423647,10.87358016,11.76834198,8.060691421,9.284492567,10.14170817
217,Togo,2020,13.59297576,14.90246764,15.42777393,16.77066904,18.08016092,17.22752045,16.78993394,18.09942581,17.24678534
217,Togo,2025,16.57244344,17.99826823,19.07391191,18.23488535,19.26113261,20.40521736,20.18245567,18.5338601,17.73991214
217,Togo,2030,22.23556131,27.76108171,30.12128274,25.84557354,26.05917802,22.7500681,32.45277124,28.47245937,20.63411158
220,Trinidad and Tobago,2020,23.22679767,21.71257577,26.68568809,23.22679767,21.71257577,26.68568809,26.95723618,25.35595262,30.32906494
220,Trinidad and Tobago,2025,24.9254023,23.49018081,31.41609109,24.9254023,23.49018081,31.41609109,29.44140188,29.01864176,39.02155393
220,Trinidad and Tobago,2030,18.731064,22.93072898,31.70999476,18.7858806,23.04036219,31.76481137,23.03182779,30.70774562,39.68929543
222,Tunisia,2020,155.5888357,158.9506109,208.6192497,152.9633373,156.3251126,174.2744816,152.0015575,155.3633327,173.3127017
222,Tunisia,2025,152.0314632,189.882739,477.1711991,151.0696833,188.9209591,538.3380308,151.0696833,188.9209591,570.3185526
222,Tunisia,2030,167.6916921,258.5568285,400.1531964,166.7299122,225.8757789,492.9783578,164.9118689,254.9107263,485.5013585
223,Turkey,2020,35.09934636,35.30029216,45.08923222,34.86134839,35.06229419,44.85123425,34.41370175,34.77186858,44.56080864
223,Turkey,2025,34.63919632,41.78969521,47.05014154,33.95355171,41.26127163,47.20736257,33.8450073,41.26127163,47.20736257
223,Turkey,2030,34.40119835,47.39190126,55.48618436,33.8450073,47.54912229,55.64340538,33.8450073,48.44031791,56.53460101
213,Turkmenistan,2020,68.59078891,73.56711593,69.42873495,68.60984634,73.56711593,69.42873495,68.60984634,73.56711593,69.42873495
213,Turkmenistan,2025,69.08645377,69.42873495,59.46642018,68.98102341,69.58926375,59.03531022,68.89226042,69.58926375,59.03531022
213,Turkmenistan,2030,68.36325364,62.71661374,70.43243323,68.26456706,62.71661374,70.43243323,68.67341474,62.90449825,72.53788434
226,Uganda,2020,171.3908712,269.3683033,391.1088747,193.4848023,298.0465589,414.9768222,181.9038325,279.0941344,395.9191827
226,Uganda,2025,155.98282,409.0548948,480.5146691,138.2066687,389.368405,459.2598658,154.3392294,389.368405,459.2598658
226,Uganda,2030,242.0367998,501.29448,578.7866728,247.213988,501.29448,581.3789265,269.2235438,598.6977737,679.7548033
230,Ukraine,2020,34.50913932,32.91889752,31.457038,34.50913932,32.91889752,31.457038,34.79670409,33.31786126,30.90306563
230,Ukraine,2025,34.34132124,33.77396373,33.92127231,34.15738342,33.22992228,32.42429476,32.22243811,32.22934657,31.28655728
230,Ukraine,2030,35.73855786,34.39774036,51.17897237,30.33585204,28.73639896,49.6455095,38.69095423,38.84205767,53.25987574
229,United Kingdom,2020,15.72537653,32.00636544,41.90036942,15.73219665,29.43290708,36.45592498,15.73219665,29.43290708,36.45592498
229,United Kingdom,2025,21.81892583,35.03785166,47.60190395,21.81892583,30.63455527,43.68704177,21.81892583,30.63455527,43.68704177
229,United Kingdom,2030,25.83597613,41.91810173,70.36621199,25.83597613,36.69565217,68.5226769,25.83597613,61.7544757,91.16831486
215,United Republic of Tanzania,2020,154.2011336,166.2819455,176.6702509,154.2011336,166.2819455,176.6702509,154.2011336,180.0340502,190.4223556
215,United Republic of Tanzania,2025,162.2450613,201.6737518,206.9284821,162.5868134,202.0155039,206.9284821,167.5709761,207.9757439,212.8887222
215,United Republic of Tanzania,2030,193.2470618,207.7682754,262.1085271,198.2312245,214.1898808,264.8954739,198.2312245,214.1898808,264.8954739
231,United States of America,2020,28.52450359,28.56337136,28.56337136,28.52450359,28.56337136,28.56337136,28.52450359,28.56337136,28.56337136
231,United States of America,2025,27.26098437,28.43536122,28.43536122,27.26098437,28.43536122,28.43536122,27.26098437,28.43536122,28.43536122
231,United States of America,2030,25.26767357,28.43536122,28.43536122,25.26767357,28.43536122,28.43536122,25.26767357,28.43536122,28.43536122
234,Uruguay,2020,8.613784908,8.846939988,9.191259546,8.613784908,8.846939988,8.919561685,8.613784908,8.846939988,8.919561685
234,Uruguay,2025,8.213071895,8.89958372,8.252250244,8.213071895,8.627885859,7.980552383,8.107902555,8.688353773,8.079125085
234,Uruguay,2030,6.763909685,7.647046583,8.481346872,6.824515746,7.435954783,8.296993039,6.588944345,7.173855219,8.720645074
235,Uzbekistan,2020,134.3649428,135.1516745,131.6701717,135.1315999,135.9183316,132.4368289,135.1315999,135.9183316,132.4368289
235,Uzbekistan,2025,134.780773,132.4368289,123.5046044,133.0314183,130.4680878,117.9645031,131.6653921,129.1020616,116.5984769
235,Uzbekistan,2030,132.3029984,127.8756014,128.5522417,130.9369722,126.5095752,129.7672307,127.7933913,122.1310503,125.3887057
236,Venezuela (Bolivarian Republic of),2020,5.939322222,6.400322222,6.2531,5.939322222,6.400322222,6.2531,5.939322222,6.400322222,6.2531
236,Venezuela (Bolivarian Republic of),2025,5.849322222,6.205655556,6.189322222,5.849322222,6.205655556,6.189322222,5.763066667,6.1194,6.103066667
236,Venezuela (Bolivarian Republic of),2030,6.750522222,6.115511111,9.470708889,6.750522222,6.115511111,9.470708889,6.750522222,6.115511111,9.470708889
237,Viet Nam,2020,17.14479513,17.42685493,16.85550018,17.14479513,17.42685493,16.85550018,17.10337763,17.38543743,16.81408269
237,Viet Nam,2025,17.11251384,17.46842008,17.40649686,17.11251384,17.44693614,17.40649686,17.04193429,17.37635659,18.17654731
237,Viet Nam,2030,15.82450055,16.32528608,16.02094869,15.753921,16.25470653,16.79099914,14.81599188,16.06956441,17.10996063
251,Zambia,2020,30.37039843,28.37572952,30.66710257,30.15743547,28.16276655,30.45413961,30.22537678,28.23070787,29.7534121
251,Zambia,2025,28.75803471,34.30058021,36.89832451,28.82597603,33.59058642,36.36766073,30.9093735,37.23404882,36.8313452
251,Zambia,2030,28.23070787,31.65239598,31.38762225,30.31410534,35.02727273,35.59812009,31.62390973,27.85066538,37.36525573
181,Zimbabwe,2020,75.13140986,77.28781241,74.78217966,77.59276297,80.25626904,77.75063629,79.39887136,82.06237744,79.55674469
181,Zimbabwe,2025,155.6849835,146.5530521,202.0818208,163.8443276,155.1365732,210.6653419,168.0588726,158.0968936,209.1567051
181,Zimbabwe,2030,155.9015313,192.6167021,222.3704469,172.6786623,203.5378124,233.3067343,173.9585472,200.9620833,230.9312805
