Area,YearBin,gdp-2_pop-2,gdp-2_pop0,gdp-2_pop2,gdp0_pop-2,gdp0_pop0,gdp0_pop2,gdp2_pop-2,gdp2_pop0,gdp2_pop2
Afghanistan,2020,37.47877069834412,36.13517818574514,44.847561195104376,28.749469042476594,29.126358891288696,38.07101331893448,24.804814614830818,25.181704463642916,35.89408747300216
Afghanistan,2025,33.974361051115906,46.29397048236141,104.29478041756657,24.804814614830818,40.61263498920087,100.38117350611951,25.147228221742264,43.475266978641706,106.0467512598992
Afghanistan,2030,32.63076853851691,67.67302015838732,141.54834413246945,25.33225341972642,66.43018058555315,146.27142728581717,30.47030237580994,75.0411417086633,148.60966522678189
Albania,2020,6.097388296379668,7.19322489580832,6.9099115945262675,6.025930630781377,6.996399975936526,6.713086674654473,5.981349300653173,6.951818645808322,6.6685053445262685
Albania,2025,4.6419666433645315,6.951818645808322,5.789930863451786,4.690243886954275,6.951818645808322,5.4915434435799915,4.885057126599245,7.160774513658421,5.851406318196473
Albania,2030,4.536925243791882,6.469386754782678,11.13026466493343,4.731738483436852,6.678342622632776,10.982784251828015,4.698825823180443,6.9893235254105575,10.982784251828015
Algeria,2020,141.5685263322394,167.3598999843726,173.18502891076727,141.5685263322394,167.3598999843726,173.18502891076727,156.13439599937493,182.9946866697922,185.62947335521173
Algeria,2025,140.01515861853414,173.18502891076727,547.075324269417,154.58102828566967,185.62947335521173,557.8193467729333,154.58102828566967,185.62947335521173,565.4002187841851
Algeria,2030,140.01515861853414,331.1017346460385,798.0864978902956,165.35927488670103,354.5752461322082,815.4582747304268,171.16424441318958,353.4908579465541,853.0930614158463
Angola,2020,78.48312492105592,81.30337248957935,80.69257294429703,78.79629910319562,81.61654667171905,81.00574712643673,78.50080838701525,81.3210559555387,80.71025641025636
Angola,2025,65.1763167866616,65.04759799587384,59.143913940465666,65.4132752305166,65.28455643972886,59.457088122605356,64.14979158772262,64.02107279693489,57.22808723843206
Angola,2030,50.08471643299229,53.175891541408774,40.63156498673738,48.33033977516737,51.12991452991452,40.68629531388151,48.498244284451175,50.33230179781903,42.42015915119362
Argentina,2020,10.307827782734748,10.089397643383412,11.532555391129199,10.389773768676294,10.11813114936442,11.555462038064702,10.297484337180425,10.06096472933729,11.533164282484485
Argentina,2025,10.377168433040994,11.161158444139772,13.601772721667281,10.394911064684845,11.162229784625652,13.561786286841775,10.394911064684845,11.162229784625652,13.561786286841775
Argentina,2030,10.53986266167584,11.647313170551245,17.51105253422123,10.392264314160736,11.657201874460478,17.52538845726969,10.37580112511153,11.657201874460478,17.419348871624113
Armenia,2020,44.805641223018135,50.00354317984686,44.22408427773312,43.69609916128725,48.894001118115966,43.11454221600224,43.69609916128725,48.894001118115966,43.11454221600224
Armenia,2025,19.754522729800527,48.08168183898209,41.153656375552146,19.279773217326582,47.400490258052756,40.861140741095824,19.29523956121738,47.38367901469321,40.84432949773627
Armenia,2030,19.635468090673264,44.32091703948418,38.0426461319012,19.650934434564057,44.304105796124624,38.02583488854164,19.510560552511745,44.16373191407231,37.88546100648932
Australia,2020,8.585176249832461,12.02297436867791,14.542609806286814,8.585176249832461,11.861199807627113,14.356307702011245,8.585176249832461,11.861199807627113,14.356307702011245
Australia,2025,8.032569360675511,13.328786815624257,14.101292735295438,8.032569360675511,13.167012254573457,13.949704476348913,8.032569360675511,13.074878255819153,13.857570477594606
Australia,2030,8.01439485323683,14.313730746285916,14.54771412652985,8.01439485323683,14.313730746285916,14.54771412652985,8.01439485323683,14.221596747531612,14.455580127775544
Austria,2020,9.230192133452702,8.590313887191476,17.707483166395328,9.230192133452702,8.590313887191476,17.707483166395328,9.080079834404232,8.453351558739786,17.314065709148085
Austria,2025,9.163741129767654,11.326611986255532,21.224107870904653,9.163741129767654,11.189649657803843,20.57620789853659,9.026778801315965,10.915725000900462,20.57620789853659
Austria,2030,8.654776099526027,11.326611986255532,22.601048576264812,8.654776099526027,11.189649657803843,22.207575855132504,8.56073538846404,10.915725000900462,22.374657000937056
Azerbaijan,2020,42.99479139631672,40.79974954176051,35.210609983746785,42.99479139631672,40.79974954176051,35.210609983746785,41.91061185253453,40.56133894573403,35.09140468573354
Azerbaijan,2025,31.244313782349867,36.404311719832634,34.59666590721993,30.756160728633898,36.404311719832634,34.59666590721993,30.841223274623594,37.15957294131902,37.094164067632
Azerbaijan,2030,31.17514527609527,36.067269292061724,33.71141387662498,30.44858162635281,36.80678364084759,36.71686886804024,30.445853375942445,36.68161807793369,37.0453211613932
Bangladesh,2020,8.113823732780167,8.908808042125413,9.109754800276576,8.113823732780167,8.908808042125413,9.109754800276576,8.132200414871544,8.878969203765752,9.079915961916916
Bangladesh,2025,8.949470772831226,8.771740864847612,14.313263478892956,9.002100952077011,8.881203127493214,14.313263478892956,9.607724766413128,9.486826941829332,14.918887293229076
Bangladesh,2030,9.499060333670188,9.685539776253032,27.449887417335955,9.499060333670188,9.919463503714336,30.41994220165594,9.11241423328546,10.430039182312996,31.001294257397653
Belarus,2020,9.49305874690021,10.78637923637924,16.766680304332745,9.128633345889446,10.039400550376165,16.766680304332745,9.335950419060177,10.164720992769777,16.766680304332745
Belarus,2025,9.909912447290496,10.53028167540363,19.575642650490213,10.519778410814999,10.897087505624091,19.935069150160615,10.907246183465697,10.897087505624091,19.9937375746827
Belarus,2030,12.265058002035138,10.53028167540363,18.40436161335552,12.58498768781848,10.897087505624091,18.76378811302592,13.592198470247249,10.824378210963577,19.640205383955387
Belgium,2020,83.51837609247151,85.3348121457497,86.3458686568062,84.53625761035302,86.35269366363119,87.27693608787361,84.53625761035302,86.35269366363119,87.27693608787361
Belgium,2025,86.83186230595771,85.5416098525474,126.92193173286927,87.76292973702513,86.35269366363119,127.47257328351081,87.76292973702513,86.35269366363119,127.47257328351081
Belgium,2030,87.77693849009638,85.5416098525474,188.2648102648103,88.53437774753563,86.35269366363119,188.05801255801262,87.92545063860852,86.35269366363119,181.17881517881526
Belize,2020,1.4519717607264422,1.4312205007273668,1.365943763315798,1.414056852774081,1.40162852244625,1.3759661559599137,1.4808329505530917,1.4684046202252612,1.4684046202252612
Belize,2025,1.414056852774081,1.3759661559599137,1.6697222247627992,2.9328928756467247,2.920464545318894,3.2542955204888204,2.948123836945102,2.9356955066172707,3.2605238461928026
Belize,2030,1.414056852774081,1.6697222247627992,2.3457918578392984,1.4603030573640225,1.781705702206119,2.455264584831792,1.4040788931248773,1.700098336413359,2.230709167991731
Benin,2020,20.874053212444718,27.237224362375045,20.436542421056394,35.48119725822745,38.865293282233445,33.01081560031296,43.23658438087019,46.89736624300239,44.88794982639825
Benin,2025,49.99668690650161,55.488976815327156,41.645244644494454,33.620244412750864,70.25557543899863,54.14486955072102,35.822375327423984,73.15483636534135,58.284554471951324
Benin,2030,34.617579684068694,50.72578978077854,46.17339334833709,38.38804785479006,58.57227640243395,50.246695007085115,42.89765025539021,59.59503209135617,48.18843044094358
Bhutan,2020,0.882833310114076,0.7484671874265643,0.7392903333108347,0.882833310114076,0.7323384180704111,0.7231615639546816,0.9054901968296424,0.7549953047859774,0.761947220026401
Bhutan,2025,0.8178587787367332,0.7317597709636465,0.9210151418976762,1.067263831711468,0.9952561034819837,1.190045296746902,1.0687778224748474,0.996770094245363,1.1565000644730632
Bhutan,2030,0.7776468797962278,0.6726318166034183,0.9973254327719444,0.7791608705596074,0.6741458073667979,0.8756872909626531,0.8244746439907401,0.7214889206512316,0.8942821638973795
Bolivia (Plurinational State of),2020,3.206351712232244,4.357141426088474,4.250395841721693,3.202518566798197,4.349475135220379,4.242729550853601,3.2408800850244277,4.3032894907258274,4.2177201558893005
Bolivia (Plurinational State of),2025,3.3199387096016544,4.1480095207897145,9.423855693348369,3.2814193559751983,4.1268332712594615,9.336614054866594,3.2759702766816994,4.121384191965963,11.993576349743204
Bolivia (Plurinational State of),2030,3.8562610195102103,5.002300639416796,9.493423524990607,3.839913781629714,4.996851560123298,10.86544532130778,3.839913781629714,5.020329575906839,10.692653137918079
Bosnia and Herzegovina,2020,4.929624016013244,3.948035722721762,3.1932296032841676,5.088278287814925,4.106689994523444,3.1932296032841676,5.2463779877804955,4.583782075134781,3.670321683895504
Bosnia and Herzegovina,2025,4.4250416324121495,3.4208555545057373,2.8576668249362798,4.741795604179402,4.056601906918756,3.087280469124957,5.264549034900961,4.596564279650053,3.11512095901724
Bosnia and Herzegovina,2030,2.1883294862876546,3.5103020893539987,4.1334494967182875,2.144150646092878,4.369256842731062,4.316292199979317,2.265561299774448,4.562328998552222,4.4404363640637206
Botswana,2020,3.305768583667602,3.9559089930624305,10.111328695537448,3.2424806800576236,3.8926210894524518,10.102614554228934,3.8359485597327607,4.4860889691275885,10.102614554228934
Botswana,2025,3.2424806800576236,10.102614554228934,11.041917655301352,3.8359485597327607,10.102614554228934,11.041917655301352,3.8359485597327607,10.315380688254086,11.254683789326505
Botswana,2030,3.8359485597327607,11.205081237161995,12.951972778469512,3.8359485597327607,11.417847371187147,13.164738912494665,4.245812122686359,11.417847371187147,13.164738912494665
Brazil,2020,3.2105700026267403,4.906966115051221,13.705122143420022,3.2105700026267403,4.906966115051221,13.705122143420022,3.2105700026267403,4.906966115051221,13.705122143420022
Brazil,2025,3.163997898607828,7.0970843183609125,17.19829261886,3.163997898607828,7.0970843183609125,17.19829261886,3.323808773312319,7.11494089834515,17.19829261886
Brazil,2030,3.0718781192540057,10.331704754399793,19.807407407407407,3.0803572366692933,10.331704754399793,19.807407407407407,3.2274179143682686,10.349561334384033,19.80039401103231
Brunei Darussalam,2020,3.095764699240586,3.082577057944429,5.515435217535819,3.095764699240586,3.082577057944429,5.515435217535819,3.057771732649277,3.0430141340559578,5.465824566945516
Brunei Darussalam,2025,3.6586161281432577,4.733461225689937,9.142504877480382,3.095764699240586,4.158992112788271,8.568035764578717,3.0936474996855567,4.151851049882324,8.560894701672769
Brunei Darussalam,2030,3.681851496141248,6.347377327171975,7.768952092661582,3.101102554050935,5.465824566945516,7.159943919222363,3.1354083637900523,5.506724197332713,7.20084354960956
Bulgaria,2020,59.51882090427975,53.94486865355908,45.56868850204445,59.51882090427975,53.94486865355908,45.56868850204445,59.51882090427975,54.2513707355065,45.10868899481307
Bulgaria,2025,50.00777465893271,53.94486865355908,45.22869145083443,49.85647518701642,54.2513707355065,44.95692955663187,49.72909449861865,54.2513707355065,44.95692955663187
Bulgaria,2030,53.57450168773251,59.40351304708409,46.198859003897994,53.66640077693185,59.40351304708409,46.505361085845415,53.25912751209336,59.990236217885915,46.545963956664856
Burkina Faso,2020,65.73190992139371,54.07968716804759,53.79563150626728,68.35038240917785,55.0525254939452,54.76846983216488,77.78053962183984,65.11716326747398,59.85371521138731
Burkina Faso,2025,63.43951295942214,58.62881612492034,68.90279105587425,67.05391703845339,62.243220203951566,75.02372795835991,54.69230667091566,54.25860155088167,67.03910930529001
Burkina Faso,2030,63.184254833227115,65.85717813894202,53.963976524325474,48.0782212661993,48.1998380072233,39.64395315487572,46.39546154663269,52.02091300191205,39.92499203314213
Burundi,2020,54.51139905228703,57.84271365177024,74.23737073618025,50.89584672670564,54.22716132618885,70.62181841059885,53.50038433571727,69.89694441323665,73.22635601961046
Burundi,2025,62.38470837073673,166.68419744755144,337.71406653746794,46.21722915564621,149.60918863853098,337.71406653746794,62.928243963976605,152.50361803423218,337.71406653746794
Burundi,2030,40.05644389457981,303.7655038759691,289.72125322997425,41.84424788949633,303.7655038759691,289.72125322997425,48.06450849886032,212.06169250646008,224.83058785529732
Cambodia,2020,4.331671149079786,6.047144439171016,5.99532141538786,4.353692981068395,6.128919474766652,5.884864209249592,4.173594895322469,6.128919474766652,5.884864209249592
Cambodia,2025,3.5057241569108264,5.790920740389177,6.077080630701894,4.04968871948004,6.045880398671097,6.619874492432631,4.577469133971418,5.983445657332702,6.075609344512999
Cambodia,2030,4.2056661492116225,6.090875916257976,5.314628487053736,5.036072730448768,6.9469219005431615,6.3446184675420545,5.322283773005325,6.662701049412012,6.132958920002109
Cameroon,2020,8.725160051012274,12.519086402040488,12.174523991710503,12.2394758261028,14.219054974835464,13.684143449249618,9.53062838468721,11.697199403338571,10.295286443032497
Cameroon,2025,12.437945457857937,13.917907198651818,11.416248206599711,9.650618819885677,10.459179317255355,8.57593256814921,11.147462435380655,13.755209924620253,11.215243902439022
Cameroon,2030,13.635480289676844,13.940788754526197,16.916220309261913,12.376513288242126,16.080578328892532,15.1304798342101,14.710288993646234,18.153187128509938,18.78200223178702
Canada,2020,3.7830385089154106,3.798898447123443,3.810924994783358,3.782592233597868,3.7984521718059003,3.810924994783358,3.782592233597868,3.7984521718059003,3.810924994783358
Canada,2025,3.900128564985899,3.787409718435949,3.9650616236882668,3.8996822896683567,3.787409718435949,3.9650616236882668,3.87608422016249,3.7638116489300835,3.9414635541824
Canada,2030,3.9695758701695576,3.81360264668861,4.261361826295915,3.928140923379307,3.794412808034302,4.261361826295915,3.9045428538734415,3.7708147385284354,4.25590353587367
Central African Republic,2020,2.441974124854912,6.476658409834332,8.197159805774332,2.8734247421388623,6.8935256937849525,8.614027089724948,3.0504369163501117,7.061540954415954,8.60906138327776
Central African Republic,2025,5.573428369341564,6.7556766096152066,7.589214529428591,8.82835892489712,6.750027359174291,7.740620908029414,9.332793393003175,9.53780544867952,9.324040028828453
Central African Republic,2030,4.068795310356654,5.558988338010271,9.33874873724752,7.612384442385891,8.11158785608693,10.858679428172362,7.3365828991760145,7.898010739684812,11.224510446690882
Chad,2020,81.79445548890128,83.45374348958332,87.38654513888889,91.27108309306792,101.19697265624997,104.97254774305551,136.00117749410953,162.90649414062494,160.4845106336805
Chad,2025,57.17236328124999,62.345817057291676,78.34169921875,136.89428710937497,137.4525282118055,143.26164822048602,142.65673828124994,142.08371310763883,156.0052191840277
Chad,2030,67.50979817708333,78.33084852430554,73.07493489583332,148.05485026041663,152.25412326388886,133.34209526909717,155.79410807291663,154.80254448784717,136.22515190972214
Chile,2020,8.413111562552906,8.596901980700865,8.596901980700865,8.213433214829864,8.397223632977825,8.397223632977825,8.105595056712378,8.289385474860337,8.289385474860337
Chile,2025,7.093899892782573,8.397223632977825,8.442669713898766,6.977512555724843,8.289385474860337,8.334831555781278,6.7535917837593775,7.99685119349924,8.042297274420182
Chile,2030,5.942929292929291,8.289385474860337,7.157144066361943,5.914073697872578,7.99685119349924,6.864609785000846,5.914073697872578,7.99685119349924,6.864609785000846
China,2020,43.445093742391045,43.35281227173121,43.35281227173121,43.445093742391045,43.35281227173121,43.35281227173121,43.445093742391045,43.35281227173121,43.35281227173121
China,2025,41.00121743364988,43.35281227173121,43.35281227173121,41.00121743364988,43.35281227173121,43.35281227173121,41.00121743364988,43.35281227173121,43.35281227173121
China,2030,39.883856829802774,43.35281227173121,43.35281227173121,39.883856829802774,43.35281227173121,43.35281227173121,39.883856829802774,43.35281227173121,43.35281227173121
Colombia,2020,2.715500249500997,3.269496257485029,5.36537250499002,2.724582085828342,3.2785780938123743,5.374454341317365,2.724582085828342,3.2833685129740506,5.379244760479041
Colombia,2025,2.634711826347304,4.748256736526946,5.5780501497006,2.7348615269461076,4.8162707085828345,5.646064121756487,2.803075099800399,4.902448353293413,5.646064121756487
Colombia,2030,2.634711826347304,5.374454341317365,6.228294411177645,2.803075099800399,5.433386477045909,6.2330848303393225,2.803075099800399,5.327548153692615,5.957910179640719
Congo,2020,0.8456202110287648,1.2324303409677733,1.4985639750729245,0.9048883096763383,1.3292083839272004,1.6377644523998935,0.9390370765816686,1.3633571508325304,1.6719132193052235
Congo,2025,1.7304677315803432,1.4985639750729245,2.887106138955183,1.8613945414450996,1.6719132193052235,2.9752405860514446,1.9134231810632387,1.7086276186687877,3.009262065765048
Congo,2030,1.0549851009783804,2.828794683107928,3.5521923892866596,1.1859119108431377,2.9169291302041893,3.6403268363829215,1.6666557453697886,3.22610574118271,4.469191858923362
Costa Rica,2020,4.226581015993343,4.353063603529685,5.749234075477675,4.082129935219736,4.208612522756078,5.604782994704068,4.082129935219736,4.185518097272574,5.5816885692205656
Costa Rica,2025,3.96539555090856,5.239563413920279,4.690377894211085,3.820944470134953,5.072017907663169,4.690377894211085,3.922633889930175,5.173707327458391,4.761367655303234
Costa Rica,2030,3.2644825816252836,5.749234075477675,5.182679271177564,3.1200315008516775,5.608480378094285,5.208902251837405,3.2464895254722204,5.815976585906192,5.258468702641057
Croatia,2020,2.4432418913874794,2.3096156371444234,2.7744427559208122,2.452299157579861,2.2693583931841457,2.758707521742659,2.3034484749719537,2.1152708151659314,2.5759256063234615
Croatia,2025,2.6168800494989046,2.3717211717029927,3.1932770570564144,2.629099472122951,2.1761744266475773,2.959578437917044,2.620421541190685,2.167496495715311,2.961616380706432
Croatia,2030,2.5886370712276534,2.380928324470478,3.62145068978207,2.5938739666379584,2.1853815794150626,3.3576646243702823,2.6737150953230184,2.3358349578713318,3.7467932165017643
Cuba,2020,22.395187122153544,21.61452584818054,20.486900028657253,22.395187122153544,21.61452584818054,20.486900028657253,23.100100029457643,22.937130355319713,21.809504535796425
Cuba,2025,23.498681169536287,22.643788643575288,24.707467753615997,23.498681169536287,23.43241757872065,25.009549294988783,24.631987742925432,24.39059943165564,26.03310186872199
Cuba,2030,15.07024675833802,22.945870184948074,38.615861001204195,16.13313645002524,24.39059943165564,43.94143395072348,16.13313645002524,24.63315921145953,44.29592675420992
Cyprus,2020,66.10836048559848,72.66088108985501,93.18948067540738,66.10836048559848,72.66088108985501,93.18948067540738,66.10836048559848,72.66088108985501,93.18948067540738
Cyprus,2025,49.94873034352282,71.42371445356315,108.63635644594525,49.94873034352282,71.42371445356315,108.63635644594525,54.22796611291714,75.66756355143083,112.82504486098686
Cyprus,2030,46.461852268071745,93.18948067540738,112.80343570398952,50.74108803746607,97.43332977327508,116.99212411903113,59.55146236703782,98.44301358181733,126.10699594774225
Czechia,2020,42.603585172030094,47.28915421009304,93.08100023916536,42.47382037073244,47.15938940879539,93.01611783851655,42.47382037073244,47.15938940879539,93.01611783851655
Czechia,2025,43.13214233957277,47.15938940879539,97.10016082310696,43.13214233957277,47.15938940879539,97.10016082310696,42.45695985782094,46.54908932769238,97.10016082310696
Czechia,2030,44.72714991884129,49.68878924658938,213.69354418001492,44.05196743708946,49.07848916548639,213.69354418001492,43.24970669094184,46.51843351981637,208.75301971394302
Côte d'Ivoire,2020,21.54163699163262,27.455238859700323,26.83585765713173,22.549809787896482,27.711806285269503,27.092425082700906,23.569949892975288,28.731946390348313,28.040907277680475
Côte d'Ivoire,2025,32.10124781085814,45.387879451255095,30.03031961471103,40.64827787507296,54.11456509048451,42.67527729130179,44.965411558669004,58.43169877408055,49.48219497956801
Côte d'Ivoire,2030,43.49605954465849,52.42907180385287,70.67770967114222,49.045534150612966,57.70607122008172,78.68593111500292,45.784150612959714,54.18490951546993,67.17294220665498
Democratic Republic of the Congo,2020,8.145519047092227,9.036150754139468,9.305901832798614,8.539978979975661,9.336331452594312,9.606082531253458,8.539978979975661,9.336331452594312,9.606082531253458
Democratic Republic of the Congo,2025,8.958458900320831,9.587760814249364,10.978887045027102,8.958458900320831,9.587760814249364,10.978887045027102,10.668923553490428,10.944895453036843,12.385750636132315
Democratic Republic of the Congo,2030,9.216809381568758,10.988069476712024,10.420196924438544,10.573944020356233,12.394933067817233,10.975970793229338,14.384644319061845,16.10993693992698,14.055672087620312
Denmark,2020,30.518892397864146,142.7101068681484,71.34700894735035,30.270650104732727,141.47718817335846,70.18728296934421,30.343842821516578,141.5503808901423,70.26047568612806
Denmark,2025,111.15887690257287,91.2422676457459,66.0564529196391,111.05702004300913,90.08254166773978,64.89672694163296,111.05702004300913,90.08254166773978,64.89672694163296
Denmark,2030,54.21791782559428,83.17448325778844,59.20514729359037,53.14328288779005,81.11517191832566,58.390652972335644,53.14328288779005,81.11517191832566,62.327014969811756
Dominican Republic,2020,38.649653766168214,37.20905242908576,36.981091149251284,38.92499701881693,38.049673503496464,37.82171222366198,39.364909331928104,38.049673503496464,37.82171222366198
Dominican Republic,2025,40.17694918395354,37.82171222366198,70.22382459389394,41.99975270128155,40.70888924772662,67.24678082434296,41.99975270128155,40.81104693633964,68.81147453601073
Dominican Republic,2030,33.88551343430454,40.406942155433704,74.40952979137418,31.16974457300253,37.79333098274472,90.36632675681672,31.64792753317396,37.79333098274472,90.32260646813965
Ecuador,2020,6.656849445204439,9.737089603283174,9.186534807721538,6.737606399148808,9.817846557227542,9.267291761665907,6.777528879768963,9.759479024167806,9.208924228606172
Ecuador,2025,7.950828393372855,9.438487992096064,10.809479024167807,7.680528955768353,9.168188554491563,10.539179586563309,7.6861225110199145,9.303687870497036,11.201780285757714
Ecuador,2030,6.142876363239095,9.54486434108527,10.20798943608451,5.959535429966562,9.194902340781274,10.239954780361758,6.257506246200031,10.05516795865633,11.406703146374827
Egypt,2020,128.82094717668485,126.43114754098357,150.62665452337578,128.82094717668485,126.43114754098357,150.62665452337578,128.82094717668485,126.43114754098357,150.62665452337578
Egypt,2025,128.82094717668485,150.62665452337578,153.35282331511834,128.82094717668485,150.62665452337578,153.35282331511834,128.58354584092285,150.38925318761383,153.11542197935634
Egypt,2030,128.82094717668485,151.14274438372797,168.15063752276868,124.88955676988462,147.2113539769277,164.3811576603926,123.65094110503944,147.2113539769277,164.3811576603926
El Salvador,2020,23.708157519500553,19.153263734820513,17.501600187305446,25.903810387634703,21.34891660295466,19.697253055439596,30.63988857436792,21.62693698141172,19.975273433896653
El Salvador,2025,20.467464203329108,19.661641256134715,20.59518731890723,27.6126310036737,22.352451641424196,23.285997704196713,27.463026096208534,22.63017050189415,23.37478955281389
El Salvador,2030,25.4381920210018,23.93357483305893,32.98151751328485,31.156035053411287,25.07749397276722,34.24500413063921,29.935750170899322,24.115246104187474,35.594972939123295
Equatorial Guinea,2020,3.1680830730401928,3.5925939370088886,3.6400767793889672,3.676887521603678,4.101398385572373,4.285581876701293,3.248562683790888,3.673073547759583,3.9045397595145976
Equatorial Guinea,2025,3.9095849780963143,4.196992133111549,6.968346961539576,3.679468357768851,4.007763423400912,6.572692549017694,3.8837315644416965,4.19957683087697,6.764505956493753
Equatorial Guinea,2030,3.99749105186348,6.675411115591683,8.609953094641538,4.189304459339538,6.867224523067742,8.584620997020282,4.189304459339538,6.867224523067742,8.773192131374552
Eritrea,2020,14.414362649154969,23.46761623046906,18.700271120382013,16.81200729841252,25.701698411728664,19.824202251974434,16.81200729841252,25.701698411728664,19.824202251974434
Eritrea,2025,17.603097928212826,20.493685098876636,47.0518888446956,23.108090247721275,25.998677418385096,54.78614383701508,25.702176269226648,28.592763439890465,57.473771845207615
Eritrea,2030,18.436038093526264,41.51798745422739,48.32083405718918,26.535116434540086,49.617065795241196,58.742717057701206,28.496198388229562,52.554213772711755,59.915272101224005
Estonia,2020,14.062308112340565,15.807584327543218,14.825577981084255,14.062308112340565,15.807584327543218,14.825577981084255,14.055889534524326,15.801165749726977,14.819159403268012
Estonia,2025,12.991949733160249,16.719563268838478,17.49860012157178,12.985531155344006,16.713144691022233,17.492181543755535,12.985531155344006,16.713144691022233,17.863812992382876
Estonia,2030,12.967795927688833,16.713144691022233,17.2221144732233,12.967795927688833,16.713144691022233,17.593745921850637,12.967795927688833,16.713144691022233,17.593745921850637
Eswatini,2020,53.21283685411304,53.3537228381363,54.368090531473605,52.27097451246858,51.94593214984451,52.96029984318183,52.68446830504734,52.35942594242327,54.18642980133793
Eswatini,2025,53.21283685411304,54.71376954381929,56.4838201424609,52.27097451246858,53.305978855527506,56.910431939443065,50.81714400907381,52.664784517710075,58.44449782917346
Eswatini,2030,57.312449538693066,55.59136173295831,62.314579442065515,54.89503648293577,52.81493955915052,62.74119123904768,50.760141784315586,49.615169527681154,63.739047171544144
Ethiopia,2020,190.59525993883784,223.1374617737003,226.60331294597347,190.59525993883784,223.1374617737003,226.60331294597347,190.59525993883784,223.1374617737003,226.60331294597347
Ethiopia,2025,184.83956846755007,226.60331294597347,233.73073394495412,185.40378865103634,231.1226809378185,239.36121304791033,189.18202514441043,234.90091743119262,256.36676860346586
Ethiopia,2030,185.40378865103634,250.99118246687053,240.8627420998981,189.18202514441043,246.16595310907238,257.86829765545366,190.21158681617393,246.16595310907238,257.86829765545366
Finland,2020,10.581903195830156,12.377215191995841,13.057886021706278,10.581903195830156,12.377215191995841,13.057886021706278,10.2570051075932,11.944284988849846,12.624955818560275
Finland,2025,9.09799683317587,14.45910595161959,12.210392830366747,9.003120087125302,14.02617574847359,11.777462627220752,9.056791733635459,14.061667013986197,11.812953892733358
Finland,2030,8.636327136445702,21.196280878502844,9.252060643139606,8.493549038723332,20.758687012405293,8.81913043999361,8.547220685233489,20.798841940869455,8.690305111500273
France,2020,27.88202327338282,33.802270273424966,38.38863112433978,27.86305569335422,33.8305757390061,38.453996323207576,27.86305569335422,32.1798126586711,36.182263853628655
France,2025,28.446673540387987,35.37439084887217,40.40036184306516,28.27246361304841,32.1798126586711,36.41804546383029,28.34658307962169,32.247804137850544,36.6360267296974
France,2030,29.63691350459275,35.979894365169685,56.94419154337739,29.542659222296802,32.79844757652689,53.59976947095042,29.579718955583452,32.872567043100176,53.69023023724065
Gabon,2020,0.9329443493730498,1.0019214853537963,1.3110791267497048,0.9149178752454928,0.9838950112262389,1.2930526526221475,0.9149178752454928,0.9838950112262389,1.2930526526221475
Gabon,2025,0.9673125804199814,1.3110791267497048,5.9735626027386495,0.9492861062924244,1.2930526526221475,5.9735626027386495,1.0442319546678756,1.3879985009975988,5.9735626027386495
Gabon,2030,1.1113920028026532,4.98706841902425,9.19403099114928,1.0018974179651077,4.98706841902425,6.2126029927537685,1.087781894499404,5.302712221671662,6.2126029927537685
Gambia,2020,10.210956569971357,10.20386132603401,21.961196531063862,12.647320206334992,12.640224962397642,24.163472883100987,13.191832313048055,13.184737069110707,26.64776557074294
Gambia,2025,14.940294775234316,32.83262686723122,32.179450365370506,14.629217495257517,32.51763484171287,31.86445833985216,14.566597676656833,32.51763484171287,37.27888973514481
Gambia,2030,13.331567953588836,28.357444420756902,32.620149219944956,13.263960919474624,29.166032695852362,31.908438814454648,13.903055211678964,27.734271474617454,27.398869436464228
Georgia,2020,4.064523326169524,4.5858444236388305,4.454693827175146,4.112188907059862,4.633510004529168,4.502359408065483,4.193983454049848,4.7153045515191545,4.594009788087197
Georgia,2025,3.5697522440124496,4.391067007786496,4.930052521141331,3.5697522440124496,4.472861554776483,4.909976516798226,3.6360285482366375,4.539137859000671,5.129696706127535
Georgia,2030,3.306161943614333,4.405445702442064,5.19188899116184,3.3724382478385198,4.471722006666252,5.355040233694191,3.3755761414324397,4.471722006666252,8.425800277125246
Germany,2020,43.419225146198826,48.285613121345044,56.75488852339182,43.56085526315788,48.4272432383041,56.75488852339182,43.56085526315788,48.4272432383041,56.75488852339182
Germany,2025,42.955043859649116,48.285613121345044,74.41981907894738,42.955043859649116,48.4272432383041,74.41981907894738,63.098958333333364,69.54337993421053,93.14194992690061
Germany,2030,47.36828399122807,52.34445815058481,87.83615070662769,47.36828399122807,52.34445815058481,87.83615070662769,47.36828399122807,71.06658899853804,106.55828155458089
Ghana,2020,19.176626949530174,21.954162549646416,24.146033129904097,20.883107623752785,23.589297684781556,25.699215344376633,32.15628402596144,34.91260486292744,36.22914850334205
Ghana,2025,31.861747554005618,30.57120023249055,32.153346895282375,44.131436597888204,42.06974716652135,44.856776130969685,51.05122735638863,49.33420517291483,55.848929574736005
Ghana,2030,55.654395040201486,51.25356001162451,141.54838709677415,57.282991378475245,56.4561174077303,150.33057250799183,53.39284316574638,50.804853240337096,146.7015402499273
Greece,2020,17.636592423813596,18.933016017865143,18.515332521241735,17.44281189723922,18.771305855345762,18.515332521241735,17.44281189723922,18.771305855345762,18.515332521241735
Greece,2025,9.870401331376796,18.73413207424117,19.253720140096682,9.8692099721033,18.572421911721783,19.253720140096682,9.4280923422339,18.510179009300852,19.253720140096682
Greece,2030,9.209982919643393,18.98698122118297,33.408663375576815,8.938150698994663,18.98698122118297,33.408663375576815,8.938150698994663,18.717068316635228,32.521505329406025
Guatemala,2020,23.664286262765867,21.360516010135907,21.92787760116716,22.438896567611145,21.58460032250633,22.151961913537583,23.6353182830377,22.781022037932882,23.348383628964136
Guatemala,2025,23.664286262765867,21.92787760116716,24.50064309298932,23.6353182830377,23.348383628964136,25.28229862550871,22.949627581970358,22.38925362819626,24.171475466482374
Guatemala,2030,22.438896567611145,24.91690662673731,28.491102280580513,22.949627581970358,24.743290716424788,28.903008139445593,24.140386239729708,26.572650310988248,30.1133091453582
Guinea,2020,1.3395886242054256,2.734009600276267,6.673477018043685,1.4181055045473057,2.759463568530235,6.69211975308642,1.3401504151922166,2.681508479175146,6.262683855650522
Guinea,2025,1.7371917376043715,8.880964957264958,12.84701965811966,1.259103021253021,7.6756307692307715,11.24916923076923,3.204387949889201,18.454815384615387,19.080316239316243
Guinea,2030,1.8178350725350716,10.198861538461538,11.351138461538461,3.683280257581509,20.019261538461542,26.20070341880343,4.905835541186792,20.910984615384624,26.978554700854705
Guinea-Bissau,2020,3.3633185692907923,3.8548774365077803,4.3302657044601505,3.825801950107507,4.555637170600848,5.0310254385532165,3.5963020038726925,4.341517091412568,4.806269082061993
Guinea-Bissau,2025,4.946479775368664,5.611869455647233,10.066037355648467,4.722388186208875,5.804207116250026,9.75650905142451,4.722388186208875,5.779598062752084,12.203346658262115
Guinea-Bissau,2030,5.97545182232882,7.828113697490694,7.983753298630297,6.513429030306028,9.096489765866762,11.384892899769897,6.719188764399094,9.239832595876258,9.360889094932757
Guyana,2020,2.5470497209538303,2.48996019666111,2.272889335845957,2.5470497209538303,2.48996019666111,2.272889335845957,2.483952308472856,2.426862784180135,2.2097919233649828
Guyana,2025,2.5207940131912734,2.3680187117972507,1.9437036433040997,2.4576966007102987,2.304921299316277,1.9804819284385495,2.6114256722475897,2.5300269986228883,2.327256831195187
Guyana,2030,2.5835794013191267,2.322833526612065,1.6039310025126234,2.584028411973617,2.5854100529100528,1.8637962147568305,2.584028411973617,2.4479950351525694,1.796145276146988
Haiti,2020,11.839009594705846,17.533472564123855,14.815339378364767,11.839009594705846,17.607836383091993,14.889703197332903,11.839009594705846,17.607836383091993,14.889703197332903
Haiti,2025,11.6531329214191,12.384489452910529,25.201944275785202,11.839009594705846,12.644729945165405,24.060788202974454,22.75890542145039,24.14087246686168,27.579208794136854
Haiti,2030,11.77042370417751,15.099087005637571,38.12082641579046,11.682063191530618,15.32213144828053,31.44425997663408,17.436900433865368,29.81792244775608,57.48459693783435
Honduras,2020,8.13307801538676,14.419077962093144,12.917942125004982,9.183654966955945,16.95688049126755,17.213586663574453,9.455019169812815,18.294336152277996,18.5510423245849
Honduras,2025,9.022380880099458,16.240525595603984,19.96279575186896,9.584536063657792,19.76158191441698,24.116449958845,10.641299557090829,20.727812381294566,24.74841237855548
Honduras,2030,9.655266296433252,18.410655839245873,23.8740692806698,10.253515814187729,21.43413282721811,23.98335889815614,10.890421831507899,22.91692450586829,29.244663343239715
Hungary,2020,5.92897368089596,7.295213395832242,11.00006587136477,5.92897368089596,7.295213395832242,11.00006587136477,5.92897368089596,7.295213395832242,10.951246067104552
Hungary,2025,6.190703959828312,7.304424679654925,15.01848624584732,6.194388473357385,7.5381034361316095,15.203345198063785,6.329813535725451,7.546009788079413,15.43456641280184
Hungary,2030,7.63766452085623,8.22048835505312,14.078746883310032,7.922600233771218,8.168214319359397,14.543646854524765,7.603889813506393,7.84288328884702,14.543646854524765
Iceland,2020,1.6281265570503234,1.5345336775830054,1.382000875722849,1.6281265570503234,1.5744756986909454,1.4219428968307894,1.6281265570503234,1.5744756986909454,1.4219428968307894
Iceland,2025,1.1538546904017755,1.4217239661185854,1.2691911642584288,1.1538546904017755,1.4217239661185854,1.2691911642584288,1.1538546904017755,1.4217239661185854,1.2691911642584288
Iceland,2030,1.1465167368754814,1.2614183690416876,1.2452824206187438,1.1465167368754814,1.2614183690416876,1.2452824206187438,1.1465167368754814,1.2614183690416876,1.2452824206187438
India,2020,65.34551802033063,65.28596365129891,65.26679672793237,65.34551802033063,65.28596365129891,65.26679672793237,65.34551802033063,65.28596365129891,65.26679672793237
India,2025,61.069240510661615,65.01283499332581,65.01283499332581,61.069240510661615,65.01283499332581,65.01283499332581,61.069240510661615,65.01283499332581,65.01283499332581
India,2030,59.32641955026184,64.63189239141596,64.63189239141596,58.69322654618887,64.1421090461033,64.1421090461033,58.69322654618887,63.95968100763254,63.95968100763254
Indonesia,2020,26.683437037037045,33.566103703703725,37.46002962962964,26.683437037037045,33.566103703703725,37.46002962962964,26.683437037037045,33.566103703703725,37.46002962962964
Indonesia,2025,26.035733333333344,37.46002962962964,36.21914074074075,26.035733333333344,37.46002962962964,36.21914074074075,26.035733333333344,37.46002962962964,36.21914074074075
Indonesia,2030,19.114637037037028,37.46002962962964,36.21914074074075,19.114637037037028,37.46002962962964,36.21914074074075,19.114637037037028,37.46002962962964,36.21914074074075
Iran (Islamic Republic of),2020,78.41469816272962,70.99448818897635,74.03910761154853,78.41469816272962,70.99448818897635,74.03910761154853,78.41469816272962,70.99448818897635,74.03910761154853
Iran (Islamic Republic of),2025,78.41469816272962,72.8171770195392,73.63101973364438,78.13181685622627,72.8171770195392,73.63101973364438,74.39953339165935,69.4683872849227,70.28222999902789
Iran (Islamic Republic of),2030,76.6620005832604,74.602828813065,80.65532225138521,74.17381160688245,71.25403907844851,77.3065325167687,72.80810731991832,70.04231554389034,77.4917177019539
Iraq,2020,65.32724719101124,65.32724719101124,63.167134831460686,65.32724719101124,65.32724719101124,63.167134831460686,63.76433754681647,63.76433754681647,61.60422518726593
Iraq,2025,65.32724719101124,67.75304307116104,85.90308988764046,65.32724719101124,67.75304307116104,85.90308988764046,63.24982443820224,65.67562031835205,85.50965589887642
Iraq,2030,65.56788389513109,84.91900749063672,102.77200374531834,63.76433754681647,84.28493679775282,102.4632490636704,63.24982443820224,85.04195926966294,104.93398876404491
Ireland,2020,7.201840718588794,11.203136352872876,7.542750908993689,7.324211129698377,11.325506763982464,7.542750908993689,8.095912908474267,11.855888541332476,8.027455753395358
Ireland,2025,6.998362608277189,8.327969067479414,9.973545075393002,6.998362608277189,8.327969067479414,9.973545075393002,6.834583333333333,8.164189792535558,9.43467222756924
Ireland,2030,7.135066507100281,8.327969067479414,10.049096353331189,6.971287232156424,8.036663324778099,9.404165329911237,6.971287232156424,8.036663324778099,9.404165329911237
Israel,2020,140.3893267364926,203.35639446587587,308.2887384060977,151.70270205642476,219.24228294256756,321.6856267965155,164.8824679667575,232.4220488529003,315.77395202969456
Israel,2025,141.7927144223408,218.01304557928762,674.4053066795123,154.97248033267357,231.19281148962037,677.8763905664359,154.97248033267357,231.19281148962037,679.0957274082384
Israel,2030,141.7927144223408,379.9549737035988,722.4655833309371,154.97248033267357,380.40072184152183,731.4006766504667,152.98818217030623,380.40072184152183,731.4006766504667
Italy,2020,25.123123916938344,30.851470026727757,31.53417334860634,25.123123916938344,30.851470026727757,31.53417334860634,25.008429523893437,30.736775633682846,31.678679472493904
Italy,2025,15.602040316816948,25.5178723529239,33.21949070402678,15.602040316816948,25.5178723529239,33.363996827914356,14.994027863443668,23.66825270948983,31.404558404558408
Italy,2030,12.634887067876756,24.604810996563582,36.950010279907175,13.420565688606924,25.498869210209417,36.9406115076218,12.960290187094309,23.696830851470033,35.02258642464827
Japan,2020,38.60500638569606,41.0185440613027,37.59486590038314,38.4630906768838,40.81823754789274,37.428429118773956,44.52776500638572,46.78421455938699,43.394406130268194
Japan,2025,36.23505747126437,41.05593869731802,38.36899106002554,35.99444444444445,40.559540229885066,37.90646232439337,42.2565134099617,46.82160919540231,44.168531289910604
Japan,2030,32.56375478927203,41.006896551724154,37.781404853129,38.619080459770124,46.82160919540231,43.812209450830146,38.619080459770124,46.82160919540231,43.812209450830146
Jordan,2020,273.25901647161606,469.8736747947969,527.1340149333629,278.8076806524654,500.67627382754347,590.6368022483111,282.16168810991735,504.03028128499534,593.990809705763
Jordan,2025,405.80001092159813,527.1340149333629,1118.3291762038373,445.449289173158,593.990809705763,1256.7941224880326,445.449289173158,593.990809705763,1237.558818959895
Jordan,2030,406.00306035490564,651.6845373241777,970.7261786096652,445.65233860646543,568.5800960793001,738.6357539286989,445.65233860646543,615.8204696902575,1149.8295615362847
Kazakhstan,2020,29.383640819346184,28.55846858094049,27.120983030471173,29.383640819346184,28.55846858094049,27.120983030471173,29.383640819346184,28.55846858094049,27.120983030471173
Kazakhstan,2025,30.25662366486337,27.358024691358022,40.09233828085264,30.25662366486337,27.358024691358022,40.303185832524164,32.15101493503491,29.627780089702693,44.42604152217137
Kazakhstan,2030,29.825079761409363,30.093956628288712,48.09023442918575,31.793915013640373,31.669302261062565,53.74267505124766,31.929347574790786,31.70583067461969,53.87198871780644
Kenya,2020,152.18796372629845,277.61995053586156,314.69414674361093,154.78428139598793,279.77383896674917,314.251717504809,154.15361363011817,278.96867271228365,314.251717504809
Kenya,2025,154.68947513053035,331.1706512778237,496.3595768068152,144.71393239901073,328.21269579554826,496.5986534762299,150.5968672712284,334.095630667766,496.5986534762299
Kenya,2030,247.23358065402596,487.1317669689477,645.3279747183293,252.73591646056622,487.1317669689477,645.3279747183293,262.44481084547044,485.3194558944766,645.3279747183293
Kyrgyzstan,2020,46.61770752185579,42.5250880517532,46.279848719977906,46.61770752185579,42.5250880517532,46.279848719977906,46.61770752185579,42.5250880517532,42.64226540828397
Kyrgyzstan,2025,47.859971435990644,44.032488726902514,36.557091838533886,47.715961222193364,43.88847851310524,36.413081624736606,46.34597074352982,42.519786398502966,38.13105130392849
Kyrgyzstan,2030,48.474963213018256,38.870530089758866,30.90865854446394,46.96096252055743,35.53719675642554,29.395956216064388,44.34923829308405,35.57868644370527,34.22601713557188
Lao People's Democratic Republic,2020,1.7496572948355782,2.2472420405982896,3.0720336960983143,1.7283926272997248,2.225977373062436,3.0507690285624607,1.7783035356004633,2.295169028864261,3.121601275411657
Lao People's Democratic Republic,2025,1.7347848118571638,3.014373294823506,5.062883460995218,1.7248699922135298,2.8162663847843934,5.001040783898304,1.8021603007750249,2.87132070899126,5.130258515319425
Lao People's Democratic Republic,2030,1.5739269239823264,2.672847115729531,5.15356198365374,1.8185548484354623,2.8233868966877442,5.464356573679098,2.4587851830725764,2.6799724392054896,5.638954574548285
Latvia,2020,1.8131787187473696,1.829025310772512,1.4252277595383074,1.9897124711208392,2.005559063145981,1.601761511911777,2.192149778787964,2.192149778787964,1.601761511911777
Latvia,2025,2.887892265529272,2.192149778787964,1.612670585814369,2.887892265529272,2.192149778787964,1.612670585814369,2.9952778479295854,2.2995353611882776,1.7200561682146833
Latvia,2030,1.8768204394309287,2.192149778787964,1.6415254276921925,1.9842060218312427,2.2995353611882776,1.7489110100925072,1.9063365790236741,2.221665918380709,1.671041567284938
Lebanon,2020,63.41447567201947,56.20180713066825,54.23104499929613,63.80167013448971,56.589001593138505,54.61823946176637,63.80167013448971,56.589001593138505,54.61823946176637
Lebanon,2025,47.188654693436966,53.95925104034692,57.45185530679934,49.57992374071267,57.720301614769475,61.21290588122191,49.57992374071267,57.720301614769475,61.21290588122191
Lebanon,2030,46.48860422116067,52.29727108505094,67.06574239310692,49.859756461168374,57.094445388653675,71.70717367269931,49.859756461168374,57.094445388653675,67.98015658422861
Lesotho,2020,18.15875697401668,19.17306958323263,47.393313381816604,18.590443493576664,19.604756102792614,47.43640392402841,19.85539825501649,20.869710864232438,46.56511297453008
Lesotho,2025,15.561542888226148,22.658591074260862,59.68974528530769,17.006605701478765,24.355232355260668,62.21089070891356,22.056010114679317,29.235268806474622,63.89454624494168
Lesotho,2030,16.31326548704892,54.041884624412454,84.92083621806819,16.612932590758202,53.54682227609879,65.01446837189368,23.53970470557953,60.13231990026073,65.2638272210768
Liberia,2020,1.9829287942834142,2.7357966628120374,3.609443938711125,1.459738375603865,2.212606244132489,3.023574373493734,1.7168519021739135,2.461229432538286,3.1219499773584682
Liberia,2025,2.646754277375201,3.766698515370164,4.5929453864381165,2.5564654287439614,3.193949723099633,4.606066159384976,1.7760434806571588,2.676772685295784,4.886596553909936
Liberia,2030,2.427310968402907,3.5545254991595336,7.786619316255615,2.4720818352842815,3.5656286929330174,7.8362811520044096,1.9326999435581866,3.069157342959856,8.186985157640478
Lithuania,2020,20.89738043739486,24.334711207241863,25.16302170952497,20.89738043739486,24.334711207241863,25.16302170952497,20.89738043739486,24.334711207241863,25.16302170952497
Lithuania,2025,20.848377793799568,23.67414884242571,32.478811183209174,20.848377793799568,23.67414884242571,32.478811183209174,20.848377793799568,23.67414884242571,32.478811183209174
Lithuania,2030,20.81497236241288,23.70154610269968,35.1523503965393,20.81497236241288,23.70154610269968,35.24030281182409,20.81497236241288,23.70154610269968,35.24030281182409
Luxembourg,2020,5.020694796420336,10.705029296758154,9.873291520990529,5.020694796420336,10.705029296758154,9.873291520990529,5.020694796420336,10.705029296758154,9.873291520990529
Luxembourg,2025,5.020694796420336,9.358642543654984,27.89606127012843,5.020694796420336,9.358642543654984,27.89606127012843,5.020694796420336,9.358642543654984,27.89606127012843
Luxembourg,2030,5.020694796420336,9.873291520990529,27.94653539062743,5.020694796420336,9.873291520990529,27.94653539062743,5.020694796420336,9.873291520990529,27.94653539062743
Madagascar,2020,8.420924221292426,9.289051603905163,8.74721338912134,15.979840074384011,14.697978614597863,15.32590330079033,9.75374988377499,10.585998140399818,11.213922826592286
Madagascar,2025,15.743840074384007,15.14693258949326,15.14693258949326,17.45299674569967,15.033132496513248,15.033132496513248,18.10381961878196,15.709576011157603,15.709576011157603
Madagascar,2030,18.208447233844723,16.79813668061367,18.127391910739195,18.99600650860065,17.78967085076708,18.759804741980474,19.979620641562065,19.322103207810315,20.29223709902371
Malawi,2020,34.88163534454335,64.21261772674494,62.23437835978152,37.57932309809486,66.91030548029646,64.93206611333305,38.038188620823114,67.34121762066545,65.36297825370204
Malawi,2025,72.94734729568943,125.58892759357217,138.61050187072635,73.40621281841769,126.01983973394115,138.61050187072635,70.70243266101862,123.31605957654213,136.51249301165447
Malawi,2030,104.92773692283436,190.81060508321514,182.68593299789276,106.2849381441821,192.3147120801618,184.19003999483945,165.57516592841068,233.18518040682915,237.44549090439943
Malaysia,2020,7.195709401709399,7.222256410256407,7.268621082621081,7.390923076923075,7.417470085470083,7.268621082621081,7.390923076923075,7.417470085470083,7.268621082621081
Malaysia,2025,8.275293447293445,8.127350427350425,10.622358974358974,8.275293447293445,8.167849002849001,10.66285754985755,8.275293447293445,8.167849002849001,10.66285754985755
Malaysia,2030,15.2785925925926,16.754019943019944,24.925871794871796,15.2785925925926,16.754019943019944,24.925871794871796,15.21637037037038,16.651441595441597,24.90072934472934
Mali,2020,7.057024005486971,9.441314986282585,12.911030349794242,7.819644032921815,10.203935013717425,13.467511831275722,8.076176954732514,10.588170267489716,13.725227880658439
Mali,2025,8.028329732510292,7.870819444444449,8.864285665294927,8.539686042524009,8.573173696844998,10.484412551440332,5.564493141289439,5.572865912208509,6.29111265432099
Mali,2030,11.796373285322362,12.247363511659813,8.566985596707822,7.995815157750348,8.711388717421126,5.735794753086419,11.485526234567907,12.59224777091907,11.159452160493828
Mauritania,2020,12.350814199271497,16.74133670813749,29.89861635743316,12.350814199271497,16.74133670813749,29.89861635743316,12.019156593542364,15.80576215736349,28.923741354703967
Mauritania,2025,12.350814199271497,16.549679289101327,17.69426674352372,12.265766929561227,15.574804286372133,16.719391740794524,13.113253883994537,15.991247158798501,17.06771382983188
Mauritania,2030,16.131884949442263,16.960150676188945,31.5031478375394,15.95657764174156,16.329465756645703,30.735206089542643,26.010409435807187,18.25101877950547,26.31634514764181
Mexico,2020,31.67596065683088,29.442464782862384,30.761930065849793,31.216345753104946,28.98284987913645,30.32982203884304,31.216345753104946,29.01035675585564,30.357328915562228
Mexico,2025,31.488038676335762,30.59158539634909,31.69900808535467,31.028423772609827,30.186984246061517,31.469200633491706,31.028423772609827,30.186984246061517,31.469200633491706
Mexico,2030,29.852588147036776,29.656309910811036,33.75668917229308,29.39297324331084,29.224201883804284,33.75668917229308,29.406726681670435,29.237955322163884,33.82395598899725
Mongolia,2020,5.696717210228182,6.829773173680621,9.362505044518223,5.696717210228182,6.46522349184019,8.997955362677791,5.696717210228182,6.46522349184019,8.997955362677791
Mongolia,2025,7.902017793812084,10.53099619752617,34.563753655266254,8.258601249514482,10.915255951205895,34.64282854513409,8.258601249514482,10.915255951205895,34.64282854513409
Mongolia,2030,8.464864310165318,15.35057704893766,33.932690119385036,8.48386006803773,15.34622071022009,29.211394842830938,8.264574703377916,15.29727308417995,32.12094778784645
Morocco,2020,51.91891070257126,52.90068641098259,54.684928292186015,51.91891070257126,52.90068641098259,54.684928292186015,51.34418150690413,52.325957215315455,54.1101990965189
Morocco,2025,52.38083809340951,54.684928292186015,59.89573166503998,51.80610889774237,54.1101990965189,62.746337274729726,56.29471404875813,58.598804247534645,67.23494242574549
Morocco,2030,55.45880734091747,54.949999199987204,184.16246659946563,56.35802172834767,54.58327333237333,187.01307220915538,66.29903411787924,67.13520749665331,194.50113868488566
Mozambique,2020,7.959873695336246,5.30852820716079,4.977810807240058,8.92765015193553,6.302582903950325,5.193308230942002,11.459616065530463,8.834548817545254,7.722261857576965
Mozambique,2025,4.505735764301757,4.920894437838553,9.408647113225,3.8886727440877253,3.895349451710926,8.34778702602722,3.8476309948474032,2.9057147575637465,7.369656493592284
Mozambique,2030,5.162850310476946,9.523550006605895,35.302956797463345,3.2619789932619896,7.535451182454751,34.902362267142294,3.3847521469150483,8.868754128682784,42.62173999207294
Myanmar,2020,5.498270035181032,6.181293110612482,6.6778818249813,5.705064683232226,6.3880877586636755,6.884676473032493,5.705064683232226,6.3880877586636755,6.908527549239593
Myanmar,2025,5.271870965954737,6.396613645807363,6.082584060500291,5.358991384802904,6.627259370065654,7.512403723094821,5.427926812377075,6.696194797639825,7.618831878999417
Myanmar,2030,5.106365457953592,6.6778818249813,6.203246073298429,5.193737961347037,6.908527549239593,8.065892379290286,5.041595242712173,6.977462976813762,8.065892379290286
Namibia,2020,1.099789654749744,3.6955460893037215,4.142668098032447,1.099789654749744,3.0423690274698747,3.5924555838758607,1.1419931216170254,2.8994187422213002,3.463946007673742
Namibia,2025,1.3037482063855574,4.358033681918812,3.5756435888777403,1.3037482063855574,3.5704536046000426,3.1455709338432882,1.2338744523889427,3.341847247631827,3.0208241485494374
Namibia,2030,1.4060845280372822,4.423803545982171,2.8589867897114103,1.4237665437938705,3.683563230813275,5.9230965918896725,1.3387338655918766,3.4652461973984425,2.9071059190652586
Nepal,2020,11.301707120213166,11.779659451154291,11.171334383569642,11.301707120213166,11.779659451154291,11.171334383569642,11.301707120213166,11.779659451154291,11.171334383569642
Nepal,2025,10.121290137503166,10.194240231829944,11.171334383569642,9.170378960266062,12.33222961277399,12.725275687029587,9.175367582706112,13.62652916350624,13.228397222708447
Nepal,2030,8.799692222416713,13.309323764513687,17.614607036583234,10.824844409436567,17.543686912888734,18.627997549448637,10.93604984732676,16.67380438376413,17.400655425248466
Netherlands,2020,18.159119675969883,29.958926650212028,30.352382760584796,18.159119675969883,29.958926650212028,30.352382760584796,18.159119675969883,29.958926650212028,30.352382760584796
Netherlands,2025,16.383751095447987,29.958926650212028,32.052275172457456,16.383751095447987,29.958926650212028,32.052275172457456,16.383751095447987,29.958926650212028,32.052275172457456
Netherlands,2030,15.070732932040608,29.958926650212028,32.046705904689595,15.070732932040608,29.958926650212028,32.046705904689595,15.070732932040608,29.958926650212028,32.046705904689595
Nicaragua,2020,5.484165256321189,4.317261874636416,4.8486097513089,5.484165256321189,4.21344570244328,4.744793579115764,5.482537565803446,4.211818011925538,4.690459664048864
Nicaragua,2025,4.463687362196698,4.103730751890634,4.854818515286665,4.564793819439279,4.282143782722513,5.02274754379161,4.63213917526631,4.448910507562536,5.116618897568723
Nicaragua,2030,4.509453505303155,4.64601521960442,5.740225863251059,4.700027482421634,5.1779128344968,7.958823885356936,5.113458377321769,5.613098449371551,10.36523307983223
Niger,2020,36.805460750853264,41.34556313993177,46.6166097838453,39.44098407281003,43.98108646188854,49.25213310580205,44.285480659840744,48.825583048919235,54.09662969283277
Niger,2025,48.825583048919235,53.97205631399319,50.342647895335624,43.97120307167236,49.11767633674632,45.55211888509671,53.7507821387941,57.64042946530149,51.766709328782724
Niger,2030,53.75647042093288,45.8955489192264,96.45826222980662,64.97191410693972,55.004479522184326,102.92029294653013,64.5213310580205,54.39419795221845,104.79735494880545
Nigeria,2020,37.592592592592595,65.61903531438413,106.99302325581387,38.72902670111972,65.61903531438413,110.60025839793276,39.104091300602924,67.50189491817396,114.02213608957788
Nigeria,2025,44.686304909560725,113.33608957795,145.72601205857018,46.37868217054263,123.97243755383288,160.15495262704565,46.00439276485787,125.85529715762273,161.0963824289406
Nigeria,2030,47.09672695951765,143.95684754521963,142.66261843238587,48.78910422049956,158.38578811369513,157.09155900086134,48.414814814814804,159.32721791559004,158.03298880275625
North Macedonia,2020,13.257174003181273,14.71427102845352,16.341271260124618,13.257174003181273,14.426355571854618,16.053355803525715,14.05888423228744,14.960965578391052,16.625074554818514
North Macedonia,2025,9.00933096206621,11.726364983492777,15.673581798086168,10.181295036498822,11.989812249360181,15.726719286606034,9.68715714255454,11.495674355415897,15.232581392661755
North Macedonia,2030,9.006063307865903,11.134843053719704,32.659820107333424,9.577117814696063,10.904152425642826,29.867859623559397,10.585265604305611,11.912300215252376,29.827524031432905
Norway,2020,2.2558007725270075,3.1564851831733947,2.351280282455187,2.2558007725270075,3.1564851831733947,2.351280282455187,2.2558007725270075,3.1564851831733947,2.351280282455187
Norway,2025,2.1100204598949848,4.367486450600519,2.528092703240992,2.1100204598949848,4.367486450600519,2.528092703240992,2.084139598044541,4.310933852374918,2.473339851529965
Norway,2030,1.9993396704689483,2.312796970245639,2.7223878079391386,2.0541305449936633,2.351280282455187,2.722524625072153,1.9764879594423324,2.2429659605286973,2.5665043462381862
Pakistan,2020,103.22802282068585,100.56588212038801,96.05054904607081,103.22802282068585,100.56588212038801,96.05054904607081,103.22802282068585,100.56588212038801,96.05054904607081
Pakistan,2025,103.22802282068585,96.05054904607081,120.21130264673604,103.22802282068585,96.05054904607081,120.21130264673604,103.22802282068585,98.90517964133082,131.6298250277761
Pakistan,2030,103.22802282068585,103.98816705178278,117.78704782937653,103.22802282068585,115.40668943282282,129.20557021041657,103.2825525359726,118.85964732906639,129.20557021041657
Panama,2020,0.9256258734519625,1.1462871691667271,2.7033245407208577,0.9256258734519625,1.1462871691667271,2.7033245407208577,0.9256258734519625,1.1462871691667271,2.7033245407208577
Panama,2025,0.930671644921906,1.2239609232915434,3.1815787607615964,0.930671644921906,1.2239609232915434,3.1932571802325715,1.0156289004032026,1.4517271485924321,3.3667271970821147
Panama,2030,0.9704852682018255,1.4085442487355755,1.8431460454973874,1.055442523683122,1.6018393006404497,1.9869299691157303,1.0977026750881456,1.7002256701660599,1.994482888417548
Papua New Guinea,2020,1.4845435216413718,1.7048044422584472,2.370492294360127,1.4920106379988758,1.7122715586159514,2.370492294360127,1.549369828555368,1.769630749172444,2.705524334832303
Papua New Guinea,2025,1.481620531197302,2.370492294360127,2.6378688401723807,1.4890876475548063,2.370492294360127,2.6378688401723807,1.5725594856661045,2.705524334832303,2.913609143713697
Papua New Guinea,2030,1.6901680297920179,2.4109915682967955,3.0300097433014805,1.5150261898070077,2.4549803260258565,4.249882330897511,1.6583491481303032,3.354864514102437,5.056979951283495
Paraguay,2020,2.1060074556400505,2.6692368599493017,3.482469666244191,2.1060074556400505,2.6692368599493017,3.482469666244191,3.1006082160963238,3.0185397750316842,3.8317725813265744
Paraguay,2025,2.031285613645965,3.363087494719054,5.427809885931559,2.5168538434727497,3.1506256684169225,5.2060101394169855,2.7717080893536123,2.877114895286378,4.862866920152092
Paraguay,2030,2.618890176383607,3.3447858470637937,6.155122623574145,2.741974249049429,2.8551884060595083,5.84011628643853,2.9224077091254745,2.942894362966986,5.8327652091254745
Peru,2020,2.9334698944754813,2.9338175046554937,3.147846058348853,2.9334698944754813,2.9338175046554937,3.147846058348853,2.907709497206704,2.9080571073867163,3.1367349472377404
Peru,2025,2.8559652389819994,2.848299193047797,3.228630353817504,2.830204841713222,2.837188081936686,3.2175192427063934,2.94268156424581,2.9533726463894063,3.3081917028760603
Peru,2030,3.1256921166977034,2.843693978895096,3.863462549141319,3.181930477963998,2.9036401820815225,3.8978966480446924,3.3090564866542516,2.974584729981378,4.082000724187874
Philippines,2020,24.592224600020383,24.168263188287646,25.269234688678285,24.45625700601243,24.138608648391592,25.269234688678285,24.38899928666055,24.07135092903971,26.362308502326844
Philippines,2025,24.38899928666055,26.362308502326844,24.26279764937667,24.38899928666055,26.362308502326844,24.26279764937667,23.935162539488427,25.82526580386561,23.725754950915444
Philippines,2030,24.48336390502395,26.16114677808349,24.685145555215865,24.245872821767048,25.158768979924584,25.14681205203981,23.931901559156227,25.220829511872,25.208872583987223
Poland,2020,55.66678204684437,53.37821622245301,56.40202299911544,55.66678204684437,53.37821622245301,56.40202299911544,55.93215645552096,53.64359063112959,56.66739740779202
Poland,2025,54.22129918080076,53.64359063112959,60.802238375447104,54.082842967578195,53.50513441790704,60.802238375447104,54.082842967578195,53.50513441790704,60.802238375447104
Poland,2030,44.26975885542865,53.268605053651804,83.77743163724475,44.26975885542865,53.268605053651804,83.77743163724475,44.26975885542865,53.268605053651804,84.8770047305873
Portugal,2020,10.23610083536746,18.110220761327355,18.668728787134967,10.225719749037005,18.110220761327355,18.668728787134967,10.619671929065133,18.110220761327355,18.668728787134967
Portugal,2025,8.547359650745223,17.608287981651962,18.236280636754316,8.748257112402177,17.608287981651962,18.236280636754316,8.533335137986533,17.5873248847395,18.236280636754316
Portugal,2030,7.363447051240902,14.43474216152599,17.88574372250433,7.569012653009035,14.785770223946455,17.88574372250433,7.596338351220809,14.105976506178058,17.423247006843056
Republic of Korea,2020,84.45320101187002,105.16929363689432,132.40124537847834,84.45320101187002,105.16929363689432,132.76026464292664,84.45320101187002,105.16929363689432,132.76026464292664
Republic of Korea,2025,72.58990075890253,109.61276512940259,138.66316403969643,72.58990075890253,109.97178439385092,137.51216189920217,72.58990075890253,109.97178439385092,137.51216189920217
Republic of Korea,2030,72.58990075890253,127.54962054874488,167.71648180579876,72.58990075890253,127.90863981319322,166.5654796653045,72.58990075890253,127.90863981319322,165.0252967503405
Republic of Moldova,2020,23.996601090351092,20.838463292927592,23.74484632431062,34.65111774486774,30.015475469939766,31.2282143076786,38.40400481918339,34.280992481885335,34.64381546970833
Republic of Moldova,2025,31.1597225034725,34.66036953983383,46.959733464197754,31.780906446085012,37.41896561985847,49.86270468859753,52.505364420542996,59.32620252709539,76.43523876113161
Republic of Moldova,2030,34.51264917782775,40.95320315409601,50.52259809849095,54.37661479179337,62.360555561448415,77.99700657289942,29.996083161261733,31.024019574912437,25.731896682789547
Romania,2020,13.999854348730757,9.950499375780277,10.088264669163545,13.999854348730757,9.950499375780277,10.088264669163545,14.147107781939244,10.097752808988766,10.235518102372033
Romania,2025,14.518039950062427,12.810715771951731,11.040917602996254,14.665293383270914,12.95796920516022,11.188171036204743,14.665293383270914,13.187682064086562,11.188171036204743
Romania,2030,14.640303786933005,13.252288805659596,10.51935081148564,14.640303786933005,13.482001664585939,10.51935081148564,14.640303786933005,13.482001664585939,10.51935081148564
Russian Federation,2020,4.207888040712467,4.671897087927622,4.5212609556121,4.199618320610686,4.663627367825842,4.5212609556121,4.199618320610686,4.663627367825842,4.5212609556121
Russian Federation,2025,4.221967769296012,4.419847328244275,4.648805484874186,4.213698049194232,4.411577608142493,4.648805484874186,4.211365564037319,4.409245122985582,4.648805484874186
Russian Federation,2030,4.141949957591177,4.419847328244275,4.804000565450947,4.047505513146734,4.409245122985582,4.815408538309303,4.0329804919423236,4.433969465648856,4.899590048063331
Rwanda,2020,41.58514861242508,60.17713950646481,72.1805997932653,67.03094208801987,78.52580273923401,76.93674401695918,91.16215989523104,109.18351061267032,139.90151590805561
Rwanda,2025,81.7015522070675,147.8901355929605,207.7349889624723,93.51760491126177,166.5277367702967,216.15894039735088,87.79906186490415,155.5365667923718,223.7246136865341
Rwanda,2030,78.12025391788426,232.17549668874162,233.84878587196448,130.29809301525978,229.72516556291384,219.69867549668857,136.96613937287566,241.16004415011028,231.76931567328896
Senegal,2020,79.42441963494593,81.85885167464114,80.59693425482898,78.60925039872409,81.04368243841927,79.80940988835725,80.05918837497785,82.10021265284422,80.8659401027822
Senegal,2025,82.54084706716286,80.85929470139996,108.39194282001297,83.32996632996634,81.72496898812688,108.39194282001297,76.30887825624669,72.68881800460747,100.17096107271544
Senegal,2030,83.11899698741804,107.18691003603283,102.36193514088251,76.09790891369839,99.98901293638136,103.48172957646644,81.21649240947485,85.44987890601926,123.19216728690412
Sierra Leone,2020,5.746104644512907,5.39897512253464,8.966966802474364,6.346552301574174,5.999422779595907,8.966966802474364,6.33011927976732,5.982989757789054,8.863088297801466
Sierra Leone,2025,12.361165589376718,14.227849560681891,12.113737897909305,11.720870998733442,13.582257011356862,11.555590831450322,11.195481590633754,13.422622144443322,11.333770606281327
Sierra Leone,2030,6.382334787196029,5.856782777192793,7.253720802303716,5.656565118671134,5.578915174038333,7.299738750254432,5.8450681690345805,5.538413996542412,7.043282932902005
Slovakia,2020,9.957969228102892,5.939402102457449,16.761104814666833,9.720878006071912,6.212064179336393,17.033766891545774,10.097772638171739,6.58895881143622,17.322164679124665
Slovakia,2025,9.471163074918723,5.657417019267546,14.449096065383989,9.790473202333141,6.328392737617135,14.988115386716935,9.790473202333141,6.470389295276344,15.14063020790646
Slovakia,2030,13.944823340982978,6.034311651367374,12.752676010163102,13.94659232166762,6.470389295276344,12.967726689069202,14.790094903423215,7.807401630330847,13.003211485397374
Slovenia,2020,4.739976139730929,5.954395993598044,5.655803736182255,4.739976139730929,5.954395993598044,5.655803736182255,4.739976139730929,5.954395993598044,5.655803736182255
Slovenia,2025,4.490077559609225,5.954395993598044,5.814926744493905,4.490077559609225,5.954395993598044,5.814926744493905,4.490077559609225,5.954395993598044,5.814926744493905
Slovenia,2030,4.624808233487972,5.954395993598044,6.44099382373813,4.624808233487972,5.954395993598044,6.44099382373813,4.624808233487972,5.954395993598044,7.431334235314074
Somalia,2020,27.771986937649583,33.88388120382766,37.203976399424874,25.42333306289129,32.30100649511627,35.62110169071349,23.879131565543876,30.75680499776886,34.07690019336607
Somalia,2025,30.59953393822203,40.028856165402374,53.071396697902735,27.537408894838617,37.94422132976351,50.986761862263876,26.814988348455554,41.45939312806783,55.403316971590066
Somalia,2030,32.923893103277315,41.577767861569754,53.31595517873966,30.948683623382422,40.221974317021186,53.46916059298924,38.49913233179633,47.22331300510683,57.7973374981407
South Africa,2020,134.22723876614364,152.88077703063294,207.53975877895186,137.78791760059772,156.44145586508697,207.53975877895186,137.78791760059772,156.44145586508697,211.21784608816304
South Africa,2025,92.98324260860286,168.91930835734868,221.5102999252855,96.5439214430569,168.91930835734868,227.70466431849712,91.49215497918668,164.6499092752695,223.43526523641793
South Africa,2030,70.13928914505284,214.8921976731775,242.10385313267156,73.6999679795069,218.5702849823887,226.10801579677658,68.64820151563669,214.3008859003095,221.83861671469734
Spain,2020,40.55754782409821,44.99635718560697,56.255202100532706,40.61389865345517,45.05270801496392,56.31155292988967,40.50619585863582,44.94727743100574,56.47651543841048
Spain,2025,40.55830522771861,44.99635718560697,87.15742129314044,39.98479920635983,44.94727743100574,86.58073417657602,39.97889145812079,44.94727743100574,86.58073417657602
Spain,2030,35.5120480639427,37.726872977472446,93.71047741674872,35.02170496010266,37.7586839295288,89.41963442651922,34.699772778913896,37.43675174834003,88.41077280416067
Sri Lanka,2020,102.34595605423094,103.97935172198846,111.900342839333,98.45293750973975,100.08633317749725,107.39161601994702,98.45293750973975,100.08633317749725,107.39161601994702
Sri Lanka,2025,157.05995792426373,170.4599501324607,173.3585008570984,148.76231104877675,162.16230325697373,165.06085398161142,151.73168926289546,168.27582982702202,172.89107059373546
Sri Lanka,2030,147.15361539660285,165.9512233130747,198.71185912420142,149.31700950599972,168.44366526414214,200.5970079476391,158.7019635343619,178.80847748168935,206.73850709054082
Suriname,2020,3.9117851756215014,3.9117851756215014,3.9117851756215014,3.7104838675289815,3.7104838675289815,3.7104838675289815,3.7104838675289815,3.7104838675289815,3.7104838675289815
Suriname,2025,3.9199528044433958,3.9117851756215014,3.4096807445241266,3.718651496350876,3.7104838675289815,3.208379436431606,3.604638081610499,3.596470452788605,3.094366021691229
Suriname,2030,3.85389817540769,3.9117851756215014,3.273434790841044,3.669751045761308,3.596470452788605,3.0225039323086254,4.3049873083227785,4.231706715350076,3.0225039323086254
Sweden,2020,6.428826006925573,10.310289475807158,10.729332857469592,6.431663909763476,10.310289475807158,10.729332857469592,6.395364406797306,10.310289475807158,10.729332857469592
Sweden,2025,4.401020611263037,10.314895055412741,10.649874784678184,4.364721108296866,10.314895055412741,10.649874784678184,4.364721108296866,10.314895055412741,10.70408353888694
Sweden,2030,4.637516141012534,10.789161529679216,12.22655970847935,4.601216638046364,10.789161529679216,11.894236476156122,4.601216638046364,10.789161529679216,11.894236476156122
Switzerland,2020,8.021416417297427,8.102143597566943,20.710597163954567,8.021416417297427,8.102143597566943,20.710597163954567,8.021416417297427,8.102143597566943,20.710597163954567
Switzerland,2025,12.067801704186142,11.028731248410882,26.716568008941437,12.067801704186142,11.028731248410882,26.716568008941437,12.067801704186142,11.028731248410882,26.716568008941437
Switzerland,2030,9.022151241630647,17.77589930820408,24.684912783922364,9.022151241630647,17.77589930820408,24.684912783922364,9.022151241630647,17.77589930820408,24.684912783922364
Syrian Arab Republic,2020,150.11697989964662,133.3306612036459,116.51940263056316,150.11697989964662,133.3306612036459,116.51940263056316,156.6346011104183,139.6760785012321,125.65036667557372
Syrian Arab Republic,2025,113.62548617915144,124.82141266589464,106.8224295596924,103.00050473560758,131.16682996348084,117.50175667785,110.06314143483463,138.85454707401794,125.18947378838709
Syrian Arab Republic,2030,73.36304840513445,124.64920875270916,95.37889809289115,74.02059024375762,139.0124996288708,120.34104292232018,81.41452154033435,144.28906505151264,134.81804776184396
Tajikistan,2020,60.533558509973595,49.164930282854804,49.7161683529608,59.444613911595034,48.07598568447624,48.62722375458224,60.04375847772075,50.65736918567107,49.7674100881648
Tajikistan,2025,63.42053421770402,54.29770212317383,51.24102871272684,49.98818826177317,39.524712566870576,40.1254954318044,47.72612642423963,37.92687644073258,38.52765930566639
Tajikistan,2030,47.58351746087595,38.251897331791206,37.674803184237156,45.899588182607054,36.1830228100865,35.65004178211726,47.192148216912365,42.05912661543558,35.40858512556626
Thailand,2020,20.51305667112895,23.12643908969209,24.042269076305217,20.272539045069156,22.849966532797847,23.783734939759032,20.272539045069156,22.849966532797847,23.783734939759032
Thailand,2025,19.86484679458575,22.811244979919667,27.64226907630521,19.657082403688825,22.811244979919667,27.751572958500663,19.657082403688825,22.627309236947784,27.603580990629172
Thailand,2030,17.72401680797263,22.703614457831318,28.692068273092357,17.575679012345677,22.768641231593033,28.82041499330655,17.24676334969508,22.895247657295847,29.50843373493976
Timor-Leste,2020,12.995044478699121,12.305222963986148,12.459348997741023,12.99383849703004,12.304016982317071,12.458143016071944,12.99383849703004,12.304016982317071,12.458143016071944
Timor-Leste,2025,13.25119225055911,12.715133398653661,15.14030127895902,11.87951143480139,11.18221441018675,13.607382290492113,10.495044478699121,10.236724781629105,11.526206324366802
Timor-Leste,2030,11.60716492263164,12.843520101461495,12.55332454100544,9.73942364699291,10.873580155713135,11.768341983904774,8.0606914208656,9.28449256698734,10.141708165881667
Togo,2020,13.592975760270235,14.902467637214587,15.427773932102628,16.770669042906487,18.08016091985084,17.227520446678042,16.789933935175185,18.099425812119534,17.246785338946736
Togo,2025,16.572443440878605,17.99826822868058,19.073911908828062,18.2348853504688,19.261132613978422,20.405217358764688,20.182455670438564,18.53386010472455,17.739912137820316
Togo,2030,22.235561311601046,27.761081705655656,30.121282743450042,25.845573541160995,26.059178017694553,22.750068104453398,32.452771243332094,28.47245937005575,20.6341115810444
Trinidad and Tobago,2020,23.22679766850705,21.712575772574148,26.6856880928751,23.22679766850705,21.712575772574148,26.6856880928751,26.957236180686802,25.35595261607191,30.329064936372866
Trinidad and Tobago,2025,24.925402301815428,23.49018080894581,31.416091093118595,24.925402301815428,23.49018080894581,31.416091093118595,29.44140188271515,29.01864176294777,39.02155392808254
Trinidad and Tobago,2030,18.73106399695286,22.930728975007884,31.70999476099446,18.785880603160034,23.040362187422232,31.764811367201627,23.031827785833233,30.707745618919823,39.68929543016503
Tunisia,2020,155.58883566133684,158.95061091644166,208.61924966920301,152.96333734988264,156.32511260498748,174.27448162207608,152.00155745049008,155.3633327055949,173.3127017226835
Tunisia,2025,152.0314631909816,189.88273899200732,477.17119907912894,151.06968329158903,188.92095909261474,538.3380307916274,151.06968329158903,188.92095909261474,570.3185525621602
Tunisia,2030,167.69169209359933,258.5568284891677,400.1531963876122,166.72991219420678,225.87577885410232,492.97835783629137,164.9118688760238,254.91072625103334,485.5013584541553
Turkey,2020,35.09934635668128,35.3002921587561,45.08923221669266,34.86134838693705,35.062294189011865,44.85123424694842,34.41370175047663,34.77186857807819,44.560808636014755
Turkey,2025,34.639196315828585,41.78969521404343,47.05014154018832,33.953551709623916,41.26127163336553,47.20736256571508,33.84500730396891,41.26127163336553,47.20736256571508
Turkey,2030,34.40119834608434,47.39190126024411,55.48618435712694,33.84500730396891,47.54912228577087,55.6434053826537,33.84500730396891,48.44031790834137,56.53460100522421
Turkmenistan,2020,68.59078890891922,73.56711592914813,69.42873495224026,68.60984633874153,73.56711592914813,69.42873495224026,68.60984633874153,73.56711592914813,69.42873495224026
Turkmenistan,2025,69.08645377285605,69.42873495224026,59.46642018171018,68.98102340687328,69.58926375299568,59.035310215189455,68.89226042292616,69.58926375299568,59.035310215189455
Turkmenistan,2030,68.36325364122814,62.716613740119044,70.43243323106248,68.26456705868887,62.716613740119044,70.43243323106248,68.6734147423241,62.90449825094973,72.53788434274587
Uganda,2020,171.3908712005693,269.3683033445155,391.1088746569076,193.48480227711696,298.04655891023674,414.9768222018909,181.90383246924878,279.0941343905661,395.9191826776456
Uganda,2025,155.98281996543668,409.05489478499544,480.51466910643495,138.2066686998069,389.3684050015248,459.2598658127478,154.3392294398699,389.3684050015248,459.2598658127478
Uganda,2030,242.0367998373488,501.2944800243977,578.7866727660872,247.21398800447292,501.2944800243977,581.3789265019823,269.2235437633425,598.6977737114975,679.7548032936871
Ukraine,2020,34.50913932066781,32.918897524467475,31.457037996545758,34.50913932066781,32.918897524467475,31.457037996545758,34.79670408750719,33.31786125503742,30.903065630397236
Ukraine,2025,34.34132124352332,33.773963730569946,33.921272308578,34.15738341968912,33.22992227979275,32.42429476108232,32.22243811168683,32.22934657455384,31.286557282671275
Ukraine,2030,35.73855785837651,34.39774035693724,51.17897236614852,30.335852043753604,28.736398963730572,49.64550949913643,38.69095423143351,38.84205766647475,53.25987574361925
United Kingdom,2020,15.72537652742256,32.006365444728615,41.90036942313156,15.732196646774648,29.432907075873835,36.45592497868712,15.732196646774648,29.432907075873835,36.45592497868712
United Kingdom,2025,21.818925831202037,35.0378516624041,47.6019039499858,21.818925831202037,30.63455527138392,43.68704177323103,21.818925831202037,30.63455527138392,43.68704177323102
United Kingdom,2030,25.83597612958226,41.918101733446996,70.36621199204318,25.83597612958226,36.69565217391305,68.52267689684567,25.83597612958226,61.75447570332478,91.16831486217674
United Republic of Tanzania,2020,154.20113361673756,166.2819454863716,176.67025089605735,154.20113361673756,166.2819454863716,176.67025089605735,154.20113361673756,180.0340501792115,190.42235558889723
United Republic of Tanzania,2025,162.24506126531637,201.67375177127613,206.92848212053016,162.5868133700092,202.015503875969,206.92848212053016,167.5709760773527,207.97574393598399,212.88872218054516
United Republic of Tanzania,2030,193.24706176544143,207.76827540218386,262.1085271317829,198.23122447278487,214.18988080353418,264.89547386846704,198.23122447278487,214.18988080353418,264.89547386846704
United States of America,2020,28.524503591043512,28.563371356147012,28.563371356147012,28.524503591043512,28.563371356147012,28.563371356147012,28.524503591043512,28.563371356147012,28.563371356147012
United States of America,2025,27.260984368398812,28.43536121673003,28.43536121673003,27.260984368398812,28.43536121673003,28.43536121673003,27.260984368398812,28.43536121673003,28.43536121673003
United States of America,2030,25.267673567103227,28.43536121673003,28.43536121673003,25.267673567103227,28.43536121673003,28.43536121673003,25.267673567103227,28.43536121673003,28.43536121673003
Uruguay,2020,8.61378490790256,8.846939988116462,9.191259546444845,8.61378490790256,8.846939988116462,8.919561685482277,8.61378490790256,8.846939988116462,8.919561685482277
Uruguay,2025,8.213071895424838,8.899583719548428,8.252250243860177,8.213071895424838,8.627885858585861,7.980552382897607,8.107902554961381,8.688353773024366,8.079125084705606
Uruguay,2030,6.7639096850861575,7.64704658348188,8.48134687190533,6.824515745692218,7.435954783125374,8.296993039463265,6.588944345414936,7.173855218855224,8.720645073812356
Uzbekistan,2020,134.3649428034286,135.15167447344103,131.67017174903611,135.13159991077973,135.91833158079214,132.43682885638722,135.13159991077973,135.91833158079214,132.43682885638722
Uzbekistan,2025,134.78077302998437,132.43682885638722,123.50460440365808,133.0314182837842,130.46808781824555,117.96450307491318,131.66539209125958,129.10206162572095,116.59847688238858
Uzbekistan,2030,132.3029984386451,127.87560144027022,128.5522416594972,130.9369722461205,126.50957524774563,129.76723066628435,127.79339132651432,122.13105025013544,125.38870566867416
Venezuela (Bolivarian Republic of),2020,5.939322222222222,6.400322222222222,6.2531,5.939322222222222,6.400322222222222,6.2531,5.939322222222222,6.400322222222222,6.2531
Venezuela (Bolivarian Republic of),2025,5.849322222222221,6.205655555555555,6.189322222222222,5.849322222222221,6.205655555555555,6.189322222222222,5.763066666666666,6.1194,6.103066666666665
Venezuela (Bolivarian Republic of),2030,6.750522222222223,6.115511111111111,9.470708888888888,6.750522222222223,6.115511111111111,9.470708888888888,6.750522222222223,6.115511111111111,9.470708888888888
Viet Nam,2020,17.144795127353262,17.426854928017715,16.855500184569944,17.144795127353262,17.426854928017715,16.855500184569944,17.103377630121813,17.38543743078626,16.814082687338498
Viet Nam,2025,17.1125138427464,17.468420081210773,17.40649686231081,17.1125138427464,17.446936138796598,17.40649686231081,17.041934293097086,17.37635658914728,18.176547311431026
Viet Nam,2030,15.824500553709854,16.325286083425613,16.020948689553336,15.753921004060539,16.254706533776297,16.790999138673556,14.815991878922105,16.06956441491325,17.109960625076898
Zambia,2020,30.37039842873177,28.37572951739619,30.667102573352583,30.157435465768806,28.162766554433222,30.454139610389625,30.225376783710125,28.23070787237454,29.753412097162112
Zambia,2025,28.75803471220138,34.30058020683021,36.89832451499119,28.825976030142698,33.590586419753095,36.36766073432741,30.90937349687351,37.234048821548825,36.831345198011874
Zambia,2030,28.23070787237454,31.652395983646006,31.387622254288928,30.314105339105346,35.027272727272745,35.59812008978677,31.62390973224308,27.850665383998724,37.3652557319224
Zimbabwe,2020,75.13140985521757,77.28781240872866,74.78217966370426,77.59276296574456,80.25626903659197,77.75063629156757,79.39887136479325,82.06237743564071,79.55674469061627
Zimbabwe,2025,155.68498351900536,146.5530521133225,202.08182083698404,163.8443276171402,155.13657320482332,210.66534192848488,168.05887261651438,158.09689364542913,209.15670505278078
Zimbabwe,2030,155.90153127216593,192.6167021320982,222.3704468644385,172.6786623273668,203.53781240872854,233.3067342596069,173.95854716902411,200.96208328117814,230.93128051070212
