Area,YearBin,Total population,Cultivated area (arable land + permanent crops),Gross Domestic Product (GDP),Total renewable surface water,SDG 6.4.2. Water Stress,Total freshwater withdrawal (primary and secondary)
Afghanistan,1980,12750.0,8054.0,3480000000.0,55.68,70.49,26.11
Afghanistan,1985,11503.0,8045.0,3642500000.0,55.68,70.49,26.11
Afghanistan,1990,13981.0,8030.0,3805000000.0,55.68,65.24333333333333,24.166666666666668
Afghanistan,1995,18382.0,7790.0,3967500000.0,55.68,59.99666666666666,22.223333333333333
Afghanistan,2000,21980.0,7753.0,4130000000.0,55.68,54.75,20.28
Afghanistan,2005,26617.0,7910.0,9840000000.0,55.68,54.75,20.28
Afghanistan,2010,30697.0,7910.0,20500000000.0,55.68,54.75,20.28
Afghanistan,2015,35530.0,7910.0,19200000000.0,55.68,54.75,20.28
Albania,1980,2788.0,709.0,2160000000.0,26.35,7.212,1.2
Albania,1985,3121.0,714.0,2160000000.0,26.35,7.212,1.2
Albania,1990,3241.0,703.0,709000000.0,26.35,7.212,1.2
Albania,1995,3093.0,700.0,2360000000.0,26.35,9.131,1.5190000000000001
Albania,2000,3119.0,699.0,4440000000.0,26.35,11.05,1.838
Albania,2005,3024.0,698.0,10700000000.0,26.35,7.879,1.311
Albania,2010,2920.0,696.0,12300000000.0,26.35,7.879,1.311
Albania,2015,2930.0,703.5,11500000000.0,26.35,7.879,1.311
Algeria,1980,20576.0,7509.0,45200000000.0,10.15,42.19,3.0
Algeria,1985,23918.0,7624.0,66700000000.0,10.15,49.23,3.5
Algeria,1990,27181.0,8094.0,48000000000.0,10.15,62.39,4.436
Algeria,1995,29887.0,8159.0,48200000000.0,10.15,71.32,5.071
Algeria,2000,31995.0,8206.0,56800000000.0,10.15,80.25,5.706
Algeria,2005,34300.0,8390.0,135000000000.0,10.15,95.025,6.758
Algeria,2010,37566.0,8430.0,209000000000.0,10.15,109.8,7.81
Algeria,2015,41318.0,8417.0,167000000000.0,10.15,127.6,9.073
Angola,1980,9582.0,3400.0,6680000000.0,145.4,1.273,0.48
Angola,1985,11218.0,3400.0,6680000000.0,145.4,1.273,0.48
Angola,1990,12968.0,3500.0,10300000000.0,145.4,1.415,0.5334666666666666
Angola,1995,15089.0,3500.0,7650000000.0,145.4,1.557,0.5869333333333333
Angola,2000,17573.0,3390.0,12500000000.0,145.4,1.699,0.6404
Angola,2005,20998.0,3690.0,60400000000.0,145.4,1.872,0.7057
Angola,2010,25096.0,4990.0,115000000000.0,145.4,1.872,0.7057
Angola,2015,29784.0,5190.0,103000000000.0,145.4,1.872,0.7057
Argentina,1980,28994.0,27992.0,84300000000.0,860.2,7.93,28.58
Argentina,1985,31326.0,27819.0,111000000000.0,860.2,7.93,28.58
Argentina,1990,33655.0,27805.0,229000000000.0,860.2,7.93,28.58
Argentina,1995,35834.0,28335.0,293000000000.0,860.2,7.93,28.58
Argentina,2000,37889.0,28862.0,97700000000.0,860.2,8.773333333333333,31.616666666666664
Argentina,2005,39970.0,37433.0,329000000000.0,860.2,9.616666666666667,34.65333333333333
Argentina,2010,42097.0,40754.0,604000000000.0,860.2,10.46,37.69
Argentina,2015,44271.0,40200.0,548000000000.0,860.2,10.46,37.69
Armenia,1980,3443.0,483.0,1270000000.0,4.858,59.01,2.925
Armenia,1985,3443.0,483.0,1270000000.0,4.858,59.01,2.925
Armenia,1990,3443.0,483.0,1270000000.0,4.858,59.01,2.925
Armenia,1995,3133.0,498.0,1640000000.0,4.858,59.01,2.925
Armenia,2000,3034.0,491.0,2380000000.0,4.858,34.96,1.733
Armenia,2005,2933.0,506.1,9210000000.0,4.858,57.66,2.858
Armenia,2010,2882.0,505.1,10600000000.0,4.858,59.33,2.941
Armenia,2015,2930.0,504.4,10600000000.0,4.858,57.43,2.847
Australia,1980,15041.0,46531.0,194000000000.0,440.0,8.858,22.03
Australia,1985,16255.0,47106.0,189000000000.0,440.0,8.858,22.03
Australia,1990,17486.0,47378.0,325000000000.0,440.0,8.858,22.03
Australia,1995,18468.0,40100.0,436000000000.0,440.0,8.858,22.03
Australia,2000,19475.0,48124.0,394000000000.0,440.0,8.645,21.5
Australia,2005,20947.0,44530.0,853000000000.0,440.0,7.443,18.51
Australia,2010,22822.0,47493.0,1540000000000.0,440.0,6.212,15.45
Australia,2015,24450.0,46378.0,1340000000000.0,440.0,6.24,15.52
Austria,1980,7602.0,1634.0,71100000000.0,77.7,9.229,3.34
Austria,1985,7639.0,1513.0,124000000000.0,77.7,9.887,3.578
Austria,1990,7831.0,1506.0,195000000000.0,77.7,10.51,3.805
Austria,1995,8033.0,1479.0,212000000000.0,77.7,10.06,3.642
Austria,2000,8134.0,1456.0,213000000000.0,77.7,10.13,3.666
Austria,2005,8312.0,1444.0,386000000000.0,77.7,9.8895,3.5789999999999997
Austria,2010,8518.0,1420.0,407000000000.0,77.7,9.649,3.492
Austria,2015,8735.0,1411.0,374000000000.0,77.7,9.649,3.492
Azerbaijan,1980,7472.0,2014.0,4990000000.0,32.52,71.52,16.2
Azerbaijan,1985,7472.0,2014.0,4990000000.0,32.52,71.52,16.2
Azerbaijan,1990,7472.0,2014.0,4990000000.0,32.52,71.52,16.2
Azerbaijan,1995,7926.0,2062.0,3960000000.0,32.52,55.23,12.51
Azerbaijan,2000,8277.0,2063.0,6240000000.0,32.52,44.46,10.07
Azerbaijan,2005,8724.0,2079.0,33100000000.0,32.52,54.17,12.27
Azerbaijan,2010,9265.0,2128.0,68700000000.0,32.52,52.85,11.97
Azerbaijan,2015,9828.0,2240.0,53000000000.0,32.52,56.42,12.78
Bahrain,1980,386.0,4.0,3650000000.0,0.004,161.1,0.1869
Bahrain,1985,449.0,4.0,3390000000.0,0.004,161.1,0.1869
Bahrain,1990,523.1,5.0,4750000000.0,0.004,161.1,0.1869
Bahrain,1995,594.9,5.0,6350000000.0,0.004,183.45,0.2128
Bahrain,2000,735.1,5.2,9630000000.0,0.004,205.8,0.2387
Bahrain,2005,1036.0,4.4,21700000000.0,0.004,181.26666666666668,0.21023333333333333
Bahrain,2010,1300.0,4.6,30800000000.0,0.004,156.73333333333332,0.18176666666666666
Bahrain,2015,1493.0,4.6,32200000000.0,0.004,132.2,0.1533
Bangladesh,1980,86007.0,9378.0,18500000000.0,1206.0,5.724,35.87
Bangladesh,1985,98344.0,9515.0,24300000000.0,1206.0,5.724,35.87
Bangladesh,1990,111222.0,8949.0,31700000000.0,1206.0,5.724,35.87
Bangladesh,1995,123855.0,8765.0,48200000000.0,1206.0,5.724,35.87
Bangladesh,2000,136601.0,8753.0,54700000000.0,1206.0,5.724,35.87
Bangladesh,2005,147139.0,8666.0,79600000000.0,1206.0,5.724,35.87
Bangladesh,2010,155727.0,8520.0,133000000000.0,1206.0,5.724,35.87
Bangladesh,2015,164670.0,8594.0,195000000000.0,1206.0,5.724,35.87
Barbados,1980,253.8,17.0,1160000000.0,0.008,101.2,0.081
Barbados,1985,257.6,17.0,1700000000.0,0.008,101.2,0.081
Barbados,1990,262.2,17.0,1960000000.0,0.008,101.2,0.081
Barbados,1995,266.9,17.0,2550000000.0,0.008,101.2,0.081
Barbados,2000,271.5,15.0,3170000000.0,0.008,94.35,0.07550000000000001
Barbados,2005,276.2,14.0,4550000000.0,0.008,87.5,0.07
Barbados,2010,281.6,11.0,4310000000.0,0.008,87.5,0.07
Barbados,2015,285.7,8.0,4450000000.0,0.008,87.5,0.07
Belarus,1980,10220.0,6261.0,17000000000.0,57.9,6.526,1.98
Belarus,1985,10220.0,6261.0,17000000000.0,57.9,6.526,1.98
Belarus,1990,10220.0,6261.0,17000000000.0,57.9,6.526,1.98
Belarus,1995,10073.0,6319.0,14100000000.0,57.9,6.526,1.98
Belarus,2000,9807.0,5738.0,14600000000.0,57.9,6.055,1.837
Belarus,2005,9537.0,5640.0,45300000000.0,57.9,5.623,1.706
Belarus,2010,9472.0,5642.0,63600000000.0,57.9,5.102,1.548
Belarus,2015,9468.0,5795.0,54600000000.0,57.9,4.786,1.452
Belgium,1980,9821.0,853.1,92600000000.0,18.3,110.9,9.03
Belgium,1985,9868.0,853.1,150000000000.0,18.3,105.42333333333333,8.583333333333332
Belgium,1990,10016.0,853.1,236000000000.0,18.3,99.94666666666667,8.136666666666667
Belgium,1995,10193.0,853.1,255000000000.0,18.3,94.47,7.69
Belgium,2000,10365.0,853.1,259000000000.0,18.3,82.74,6.735
Belgium,2005,10698.0,859.9,472000000000.0,18.3,76.34,6.214
Belgium,2010,11084.0,825.0,498000000000.0,18.3,73.73,6.002
Belgium,2015,11429.0,872.4,454000000000.0,18.3,73.73,6.002
Belize,1980,151.5,53.0,179000000.0,21.73,0.2497,0.02
Belize,1985,174.3,64.0,277000000.0,21.73,0.2497,0.02
Belize,1990,194.3,87.0,518000000.0,21.73,0.5868,0.047
Belize,1995,221.6,98.0,654000000.0,21.73,0.9238999999999999,0.074
Belize,2000,262.2,102.0,933000000.0,21.73,1.261,0.101
Belize,2005,298.4,102.0,1290000000.0,21.73,1.261,0.101
Belize,2010,336.7,110.0,1570000000.0,21.73,1.261,0.101
Belize,2015,374.7,110.0,1760000000.0,21.73,1.261,0.101
Benin,1980,3928.0,1640.0,1270000000.0,26.09,0.8252,0.11
Benin,1985,4535.0,1700.0,1560000000.0,26.09,0.8252,0.11
Benin,1990,5332.0,1745.0,1700000000.0,26.09,0.8752,0.11666666666666667
Benin,1995,6282.0,2340.0,2270000000.0,26.09,0.9252,0.12333333333333334
Benin,2000,7295.0,2815.0,3050000000.0,26.09,0.9752,0.13
Benin,2005,8455.0,2790.0,5970000000.0,26.09,0.9752,0.13
Benin,2010,9729.0,3150.0,8120000000.0,26.09,0.9752,0.13
Benin,2015,11176.0,3200.0,8480000000.0,26.09,0.9752,0.13
Bhutan,1980,431.0,153.0,149000000.0,95.0,1.414,0.3379
Bhutan,1985,500.4,165.0,253000000.0,95.0,1.414,0.3379
Bhutan,1990,531.5,154.0,251000000.0,95.0,1.414,0.3379
Bhutan,1995,528.8,172.0,366000000.0,81.0,1.414,0.3379
Bhutan,2000,606.4,130.0,537000000.0,81.0,1.414,0.3379
Bhutan,2005,687.0,156.0,1200000000.0,78.0,1.414,0.3379
Bhutan,2010,753.0,112.6,1820000000.0,78.0,1.414,0.3379
Bhutan,2015,807.6,106.0,1960000000.0,78.0,1.414,0.3379
Bolivia (Plurinational State of),1980,5835.0,2136.0,5590000000.0,547.9,0.699,1.24
Bolivia (Plurinational State of),1985,6465.0,2227.0,4350000000.0,547.9,0.699,1.24
Bolivia (Plurinational State of),1990,7132.0,2331.0,5640000000.0,547.9,0.7946,1.4096
Bolivia (Plurinational State of),1995,7871.0,3043.0,7930000000.0,547.9,0.8902,1.5792000000000002
Bolivia (Plurinational State of),2000,8653.0,3480.0,7910000000.0,547.9,0.9858,1.7488000000000001
Bolivia (Plurinational State of),2005,9441.0,4390.0,13100000000.0,547.9,1.0814,1.9184
Bolivia (Plurinational State of),2010,10239.0,4651.0,27100000000.0,547.9,1.177,2.088
Bolivia (Plurinational State of),2015,11052.0,4685.0,33200000000.0,547.9,1.177,2.088
Bosnia and Herzegovina,1980,4239.0,1000.0,3670000000.0,36.34,2.218,0.3341
Bosnia and Herzegovina,1985,4239.0,1000.0,3670000000.0,36.34,2.218,0.3341
Bosnia and Herzegovina,1990,4239.0,1000.0,3670000000.0,36.34,2.218,0.3341
Bosnia and Herzegovina,1995,3752.0,1015.0,3670000000.0,36.34,2.218,0.3341
Bosnia and Herzegovina,2000,3776.0,1093.0,6650000000.0,36.34,2.218,0.3341
Bosnia and Herzegovina,2005,3774.0,1117.0,15800000000.0,36.34,2.218,0.3341
Bosnia and Herzegovina,2010,3648.0,1108.0,17200000000.0,36.34,2.181,0.32845
Bosnia and Herzegovina,2015,3507.0,1130.0,16000000000.0,36.34,2.181,0.32845
Botswana,1980,1076.0,406.0,1010000000.0,10.64,0.9411,0.09
Botswana,1985,1264.0,410.0,1970000000.0,10.64,0.9411,0.09
Botswana,1990,1456.0,251.0,4150000000.0,10.64,1.182,0.113
Botswana,1995,1638.0,301.0,5020000000.0,10.64,1.5,0.1434
Botswana,2000,1780.0,246.0,5440000000.0,10.64,2.029,0.194
Botswana,2005,1914.0,184.0,10900000000.0,10.64,2.0305,0.19415
Botswana,2010,2089.0,287.0,14700000000.0,10.64,2.032,0.1943
Botswana,2015,2292.0,261.6,14400000000.0,10.64,2.105,0.2013
Brazil,1980,126947.0,54136.0,282000000000.0,8647.0,1.657,35.04
Brazil,1985,141273.0,55391.0,294000000000.0,8647.0,1.657,35.04
Brazil,1990,154564.0,59000.0,401000000000.0,8647.0,2.1245000000000003,44.935
Brazil,1995,167545.0,65300.0,883000000000.0,8647.0,2.592,54.83
Brazil,2000,180151.0,68868.0,508000000000.0,8647.0,2.669,56.45
Brazil,2005,191027.0,75638.0,1400000000000.0,8647.0,2.746,58.07
Brazil,2010,200561.0,79607.0,2460000000000.0,8647.0,3.536,74.78
Brazil,2015,209288.0,87546.0,1770000000000.0,8647.0,3.0,63.45
Brunei Darussalam,1980,206.1,7.0,4260000000.0,8.5,2.864,0.076
Brunei Darussalam,1985,237.6,7.0,2750000000.0,8.5,2.864,0.076
Brunei Darussalam,1990,274.0,6.0,4180000000.0,8.5,2.864,0.076
Brunei Darussalam,1995,312.0,6.0,5200000000.0,8.5,3.466,0.092
Brunei Darussalam,2000,346.9,7.0,5840000000.0,8.5,3.466,0.092
Brunei Darussalam,2005,374.9,8.0,12200000000.0,8.5,3.466,0.092
Brunei Darussalam,2010,399.7,10.0,17000000000.0,8.5,3.466,0.092
Brunei Darussalam,2015,428.7,11.0,15500000000.0,8.5,3.466,0.092
Bulgaria,1980,8931.0,4150.0,19800000000.0,20.4,104.8,14.18
Bulgaria,1985,8960.0,4131.0,28400000000.0,20.4,104.1,14.09
Bulgaria,1990,8676.0,4330.0,10400000000.0,20.4,55.39,7.494
Bulgaria,1995,8212.0,4497.0,11200000000.0,20.4,52.045,7.0415
Bulgaria,2000,7866.0,3583.0,16400000000.0,20.4,48.7,6.589
Bulgaria,2005,7567.0,3274.0,44800000000.0,20.4,45.84,6.202
Bulgaria,2010,7310.0,3476.0,53600000000.0,20.4,42.24,5.715
Bulgaria,2015,7085.0,3637.0,49000000000.0,20.4,41.61,5.629
Burkina Faso,1980,7158.0,2885.0,1750000000.0,9.0,2.772,0.29
Burkina Faso,1985,8140.0,3140.0,2370000000.0,9.0,2.772,0.29
Burkina Faso,1990,9297.0,3525.0,2240000000.0,9.0,3.595,0.376
Burkina Faso,1995,10666.0,3850.0,2450000000.0,9.0,5.2185,0.54585
Burkina Faso,2000,12293.0,4770.0,3210000000.0,9.0,6.842,0.7157
Burkina Faso,2005,14252.0,4970.0,6770000000.0,9.0,7.82,0.818
Burkina Faso,2010,16571.0,6100.0,11200000000.0,9.0,7.82,0.818
Burkina Faso,2015,19193.0,6100.0,11100000000.0,9.0,7.82,0.818
Burundi,1980,4333.0,1250.0,1010000000.0,12.54,3.634,0.1
Burundi,1985,4988.0,1280.0,1130000000.0,12.54,3.634,0.1
Burundi,1990,5661.0,1300.0,1080000000.0,12.54,5.9126666666666665,0.16266666666666668
Burundi,1995,6112.0,1310.0,973000000.0,12.54,8.191333333333333,0.22533333333333333
Burundi,2000,6742.0,1351.0,825000000.0,12.54,10.47,0.288
Burundi,2005,7940.0,1250.0,1360000000.0,12.54,10.47,0.288
Burundi,2010,9320.0,1450.0,2470000000.0,12.54,10.47,0.288
Burundi,2015,10864.0,1550.0,3090000000.0,12.54,10.47,0.288
Cabo Verde,1980,297.3,40.0,141000000.0,0.181,6.767,0.0203
Cabo Verde,1985,324.9,40.0,235000000.0,0.181,6.767,0.0203
Cabo Verde,1990,359.1,44.0,357000000.0,0.181,6.767,0.0203
Cabo Verde,1995,408.2,47.0,491000000.0,0.181,6.767,0.0203
Cabo Verde,2000,452.1,49.0,621000000.0,0.181,6.767,0.0203
Cabo Verde,2005,486.4,51.0,1510000000.0,0.181,6.767,0.0203
Cabo Verde,2010,514.0,59.0,1750000000.0,0.181,6.767,0.0203
Cabo Verde,2015,546.4,54.0,1630000000.0,0.181,6.767,0.0203
Cambodia,1980,6918.0,2100.0,824000000.0,471.5,1.037,2.184
Cambodia,1985,8196.0,3100.0,824000000.0,471.5,1.037,2.184
Cambodia,1990,9622.0,3815.0,1980000000.0,471.5,1.037,2.184
Cambodia,1995,11296.0,3830.0,3440000000.0,471.5,1.037,2.184
Cambodia,2000,12635.0,3850.0,4280000000.0,471.5,1.037,2.184
Cambodia,2005,13677.0,3855.0,8640000000.0,471.5,1.037,2.184
Cambodia,2010,14777.0,3955.0,14000000000.0,471.5,1.037,2.184
Cambodia,2015,16005.0,3955.0,18000000000.0,471.5,1.037,2.184
Cameroon,1980,9159.0,7010.0,7320000000.0,278.1,0.5681,0.396
Cameroon,1985,10696.0,7210.0,12300000000.0,278.1,0.5681,0.396
Cameroon,1990,12409.0,7160.0,11400000000.0,278.1,0.5739,0.4
Cameroon,1995,14165.0,7160.0,9840000000.0,278.1,0.98045,0.6832
Cameroon,2000,16085.0,7160.0,10900000000.0,278.1,1.387,0.9664
Cameroon,2005,18395.0,7213.0,20400000000.0,278.1,1.387,0.9664
Cameroon,2010,21082.0,7750.0,26500000000.0,278.1,1.387,0.9664
Cameroon,2015,24054.0,7750.0,29200000000.0,278.1,1.387,0.9664
Canada,1980,25041.0,51010.0,314000000000.0,2892.0,4.346,42.2
Canada,1985,26570.0,52091.0,431000000000.0,2892.0,4.346,42.2
Canada,1990,28384.0,51921.0,592000000000.0,2892.0,4.644,45.09
Canada,1995,29903.0,52376.0,653000000000.0,2892.0,4.347,42.21
Canada,2000,31321.0,52117.0,758000000000.0,2892.0,4.301,41.765
Canada,2005,33020.0,49989.0,1460000000000.0,2892.0,4.255,41.32
Canada,2010,34901.0,47998.0,1820000000000.0,2892.0,3.666,35.6
Canada,2015,36624.0,48410.0,1550000000000.0,2892.0,3.68,35.73
Central African Republic,1980,2419.0,1960.0,748000000.0,141.0,0.0898,0.0194
Central African Republic,1985,2755.0,2005.0,1200000000.0,141.0,0.0898,0.0194
Central African Republic,1990,3096.0,2020.0,1410000000.0,141.0,0.16203333333333333,0.034999999999999996
Central African Republic,1995,3517.0,2023.0,938000000.0,141.0,0.23426666666666668,0.05059999999999999
Central African Republic,2000,3908.0,2024.0,991000000.0,141.0,0.3065,0.0662
Central African Republic,2005,4276.0,2010.0,1700000000.0,141.0,0.3356,0.0725
Central African Republic,2010,4490.0,1880.0,2180000000.0,141.0,0.3356,0.0725
Central African Republic,2015,4659.0,1880.0,1500000000.0,141.0,0.3356,0.0725
Chad,1980,4715.0,3150.0,834000000.0,44.2,0.8838,0.181
Chad,1985,5408.0,3205.0,1160000000.0,44.2,0.8838,0.181
Chad,1990,6349.0,3370.0,1880000000.0,44.2,1.9712,0.4037333333333333
Chad,1995,7493.0,3630.0,1540000000.0,44.2,3.0585999999999998,0.6264666666666666
Chad,2000,9002.0,3730.0,1990000000.0,44.2,4.146,0.8492
Chad,2005,10776.0,4331.0,8640000000.0,44.2,4.295,0.8796
Chad,2010,12705.0,4935.0,12400000000.0,44.2,4.295,0.8796
Chad,2015,14900.0,4935.0,10900000000.0,44.2,4.295,0.8796
Chile,1980,11616.0,3800.0,24300000000.0,923.1,5.152,20.29
Chile,1985,12594.0,3313.0,20900000000.0,923.1,5.152,20.29
Chile,1990,13671.0,2706.0,44500000000.0,923.1,5.152,20.29
Chile,1995,14695.0,2297.0,82800000000.0,923.1,6.427666666666666,25.313333333333333
Chile,2000,15624.0,2065.0,71000000000.0,923.1,7.703333333333333,30.336666666666666
Chile,2005,16492.0,1719.0,173000000000.0,923.1,8.979,35.36
Chile,2010,17310.0,1740.0,265000000000.0,923.1,8.979,35.36
Chile,2015,18055.0,1727.0,240000000000.0,923.1,8.979,35.36
China,1980,1045912.0,105899.0,204000000000.0,2739.0,32.41,443.7
China,1985,1136800.0,128094.0,271000000000.0,2739.0,35.14,481.1
China,1990,1231002.0,131583.0,425000000000.0,2739.0,37.45,512.7
China,1995,1287309.0,131371.0,958000000000.0,2739.0,38.805,531.25
China,2000,1327998.0,126553.0,1460000000000.0,2739.0,40.16,549.8
China,2005,1367036.0,122566.0,3520000000000.0,2739.0,41.73,571.3
China,2010,1406131.0,122527.0,8460000000000.0,2739.0,43.81,599.8
China,2015,1441131.0,135698.0,10900000000000.0,2739.0,43.4,594.2
Colombia,1980,29027.0,5223.0,39000000000.0,2360.0,1.16,7.746
Colombia,1985,32324.0,5318.0,36400000000.0,2360.0,1.16,7.746
Colombia,1990,35559.0,4900.0,49300000000.0,2360.0,1.16,7.746
Colombia,1995,38645.0,4257.0,107000000000.0,2360.0,1.16,7.746
Colombia,2000,41572.0,3736.0,97900000000.0,2360.0,1.16,7.746
Colombia,2005,44375.0,3570.0,207000000000.0,2360.0,1.762,11.77
Colombia,2010,46881.0,3453.0,370000000000.0,2360.0,1.762,11.77
Colombia,2015,49066.0,3595.0,292000000000.0,2360.0,1.762,11.77
Comoros,1980,326.9,85.0,107000000.0,0.2,0.8333,0.01
Comoros,1985,376.7,98.0,196000000.0,0.2,0.8333,0.01
Comoros,1990,436.4,100.0,266000000.0,0.2,0.8333,0.01
Comoros,1995,502.0,111.0,212000000.0,0.2,0.8333,0.01
Comoros,2000,569.5,120.0,247000000.0,0.2,0.8333,0.01
Comoros,2005,641.6,118.0,462000000.0,0.2,0.8333,0.01
Comoros,2010,723.9,118.0,550000000.0,0.2,0.8333,0.01
Comoros,2015,813.9,118.0,624000000.0,0.2,0.8333,0.01
Congo,1980,1951.0,554.0,2160000000.0,832.0,0.0239,0.04
Congo,1985,2249.0,540.0,2300000000.0,832.0,0.0239,0.04
Congo,1990,2577.0,525.0,2930000000.0,832.0,0.025066666666666668,0.042
Congo,1995,2962.0,536.0,2320000000.0,832.0,0.026233333333333334,0.044
Congo,2000,3407.0,540.0,3020000000.0,832.0,0.0274,0.046
Congo,2005,3976.0,550.0,8390000000.0,832.0,0.0274,0.046
Congo,2010,4633.0,602.0,13700000000.0,832.0,0.0274,0.046
Congo,2015,5261.0,627.0,8550000000.0,832.0,0.0274,0.046
Costa Rica,1980,2521.0,512.0,2610000000.0,113.0,3.991,2.339
Costa Rica,1985,2872.0,526.0,5840000000.0,113.0,3.991,2.339
Costa Rica,1990,3257.0,510.0,8570000000.0,113.0,3.991,2.339
Costa Rica,1995,3683.0,490.0,12800000000.0,113.0,3.991,2.339
Costa Rica,2000,4063.0,490.0,16800000000.0,113.0,3.991,2.339
Costa Rica,2005,4369.0,500.0,26300000000.0,113.0,3.991,2.339
Costa Rica,2010,4654.0,547.0,45300000000.0,113.0,3.991,2.339
Costa Rica,2015,4906.0,559.5,51100000000.0,113.0,5.445,3.191
Croatia,1980,4733.0,1325.0,10300000000.0,95.0,1.4485000000000001,0.6515500000000001
Croatia,1985,4733.0,1325.0,10300000000.0,95.0,1.4485000000000001,0.6515500000000001
Croatia,1990,4733.0,1325.0,10300000000.0,95.0,1.4485000000000001,0.6515500000000001
Croatia,1995,4532.0,1108.0,23800000000.0,95.0,1.4485000000000001,0.6515500000000001
Croatia,2000,4396.0,928.0,26900000000.0,95.0,1.4485000000000001,0.6515500000000001
Croatia,2005,4362.0,932.0,60100000000.0,95.0,1.4485000000000001,0.6515500000000001
Croatia,2010,4297.0,985.4,56500000000.0,95.0,1.4485000000000001,0.6515500000000001
Croatia,2015,4189.0,944.0,48700000000.0,95.0,1.4485000000000001,0.6515500000000001
Cuba,1980,9926.0,3400.0,21000000000.0,31.64,17.93,5.211
Cuba,1985,10270.0,3730.0,25200000000.0,31.64,17.93,5.211
Cuba,1990,10733.0,4075.0,22100000000.0,31.64,17.93,5.211
Cuba,1995,11014.0,4184.0,25400000000.0,31.64,17.93,5.211
Cuba,2000,11218.0,4237.0,33600000000.0,31.64,17.46,5.074
Cuba,2005,11304.0,3991.0,58600000000.0,31.64,16.99,4.937
Cuba,2010,11382.0,3555.0,75100000000.0,31.64,23.94,6.959
Cuba,2015,11485.0,3472.0,75100000000.0,31.64,23.94,6.959
Cyprus,1980,691.7,178.0,2160000000.0,0.56,24.19,0.177
Cyprus,1985,723.4,157.4,3700000000.0,0.56,27.34,0.2
Cyprus,1990,800.6,155.6,6910000000.0,0.56,29.455,0.2155
Cyprus,1995,891.2,141.1,9500000000.0,0.56,26.3925,0.1931
Cyprus,2000,977.0,139.0,11300000000.0,0.56,23.33,0.1707
Cyprus,2005,1064.0,145.3,23700000000.0,0.56,22.43,0.1641
Cyprus,2010,1135.0,114.3,24900000000.0,0.56,27.38,0.2003
Cyprus,2015,1180.0,110.9,19300000000.0,0.56,29.8,0.218
Czechia,1980,10339.0,3327.0,61600000000.0,13.15,37.91,2.493
Czechia,1985,10339.0,3327.0,61600000000.0,13.15,37.91,2.493
Czechia,1990,10339.0,3327.0,61600000000.0,13.15,37.91,2.493
Czechia,1995,10339.0,3327.0,61600000000.0,13.15,37.91,2.493
Czechia,2000,10252.0,3304.0,81700000000.0,13.15,29.01,1.908
Czechia,2005,10357.0,3271.0,189000000000.0,13.15,29.94,1.969
Czechia,2010,10587.0,3233.0,206000000000.0,13.15,28.0,1.841
Czechia,2015,10618.0,2540.0,182000000000.0,13.15,24.86,1.635
Côte d'Ivoire,1980,9044.0,4490.0,7570000000.0,81.3,3.104,0.709
Côte d'Ivoire,1985,11020.0,5400.0,10100000000.0,81.3,3.104,0.709
Côte d'Ivoire,1990,13163.0,6200.0,11200000000.0,81.3,4.816,1.1
Côte d'Ivoire,1995,15446.0,6700.0,11700000000.0,81.3,5.394,1.232
Côte d'Ivoire,2000,17367.0,6600.0,12300000000.0,81.3,6.169,1.409
Côte d'Ivoire,2005,19086.0,7400.0,20300000000.0,81.3,6.782,1.549
Côte d'Ivoire,2010,21419.0,7400.0,27000000000.0,81.3,5.9350000000000005,1.3555
Côte d'Ivoire,2015,24295.0,7400.0,31800000000.0,81.3,5.088,1.162
Democratic Republic of the Congo,1980,27717.0,7670.0,13700000000.0,1282.0,0.1939,0.5841
Democratic Republic of the Congo,1985,31530.0,7850.0,7660000000.0,1282.0,0.1939,0.5841
Democratic Republic of the Congo,1990,37346.0,7900.0,8230000000.0,1282.0,0.1939,0.5841
Democratic Republic of the Congo,1995,43830.0,7600.0,6090000000.0,1282.0,0.1939,0.5841
Democratic Republic of the Congo,2000,49836.0,7450.0,8730000000.0,1282.0,0.1939,0.5841
Democratic Republic of the Congo,2005,58418.0,7450.0,16700000000.0,1282.0,0.2269,0.6836
Democratic Republic of the Congo,2010,68979.0,8000.0,29300000000.0,1282.0,0.2269,0.6836
Democratic Republic of the Congo,2015,81340.0,8000.0,37600000000.0,1282.0,0.2269,0.6836
Denmark,1980,5123.0,2644.0,59900000000.0,3.7,32.59,1.205
Denmark,1985,41047.0,2588.0,109000000000.0,3.7,46.11,1.705
Denmark,1990,5172.0,2548.0,153000000000.0,3.7,33.69,1.246
Denmark,1995,5278.0,2373.0,174000000000.0,3.7,24.81,0.9175
Denmark,2000,5373.0,2283.0,179000000000.0,3.7,17.66,0.6529
Denmark,2005,5470.0,2313.0,320000000000.0,3.7,15.03,0.5558
Denmark,2010,5611.0,2424.0,325000000000.0,3.7,17.23,0.637
Denmark,2015,5734.0,2378.0,295000000000.0,3.7,17.23,0.637
Djibouti,1980,385.3,1.0,373000000.0,0.3,2.667,0.008
Djibouti,1985,490.3,1.0,373000000.0,0.3,2.667,0.008
Djibouti,1990,615.1,1.0,478000000.0,0.3,3.867,0.011600000000000001
Djibouti,1995,661.0,1.0,503000000.0,0.3,5.067,0.015200000000000002
Djibouti,2000,746.2,1.0,591000000.0,0.3,6.267,0.0188
Djibouti,2005,809.4,1.5,848000000.0,0.3,6.267,0.0188
Djibouti,2010,881.2,2.0,1350000000.0,0.3,6.267,0.0188
Djibouti,2015,957.0,2.0,1590000000.0,0.3,6.267,0.0188
Dominican Republic,1980,6079.0,1430.0,7960000000.0,23.5,26.96,4.865
Dominican Republic,1985,6765.0,1437.0,5830000000.0,23.5,26.96,4.865
Dominican Republic,1990,7469.0,1346.0,11300000000.0,23.5,26.96,4.865
Dominican Republic,1995,8163.0,1300.0,19600000000.0,23.5,26.96,4.865
Dominican Republic,2000,8832.0,1318.0,26600000000.0,23.5,26.96,4.865
Dominican Republic,2005,9504.0,1220.0,44100000000.0,23.5,30.21,5.451
Dominican Republic,2010,10155.0,1155.0,60600000000.0,23.5,39.55,7.137
Dominican Republic,2015,10767.0,1155.0,67100000000.0,23.5,39.55,7.137
Ecuador,1980,8393.0,2540.0,19900000000.0,432.0,6.407,9.367
Ecuador,1985,9504.0,2836.0,13900000000.0,432.0,6.407,9.367
Ecuador,1990,10706.0,3020.0,18100000000.0,432.0,6.407,9.367
Ecuador,1995,11925.0,3004.0,28200000000.0,432.0,6.407,9.367
Ecuador,2000,13072.0,2600.0,28500000000.0,432.0,6.407,9.367
Ecuador,2005,14205.0,2415.0,51000000000.0,432.0,6.782,9.916
Ecuador,2010,15420.0,2531.0,87900000000.0,432.0,6.782,9.916
Ecuador,2015,16625.0,2415.0,101000000000.0,432.0,6.782,9.916
Egypt,1980,46380.0,2445.0,25600000000.0,56.0,106.8,58.64
Egypt,1985,53066.0,2547.0,40500000000.0,56.0,106.8,58.64
Egypt,1990,60036.0,2996.0,41900000000.0,56.0,106.8,58.64
Egypt,1995,66151.0,3245.0,78400000000.0,56.0,106.8,58.64
Egypt,2000,72590.0,3424.0,87900000000.0,56.0,103.9,57.03
Egypt,2005,79537.0,3538.0,130000000000.0,56.0,113.95,62.565
Egypt,2010,87813.0,3696.0,276000000000.0,56.0,124.0,68.1
Egypt,2015,97553.0,3734.0,331000000000.0,56.0,119.5,65.6
El Salvador,1980,4726.0,731.0,3400000000.0,22.69,4.547,0.7289
El Salvador,1985,5054.0,777.0,3960000000.0,22.69,4.547,0.7289
El Salvador,1990,5400.0,851.0,5950000000.0,22.69,4.547,0.7289
El Salvador,1995,5728.0,816.0,11100000000.0,22.69,6.5655,1.0524499999999999
El Salvador,2000,5940.0,935.0,14300000000.0,22.69,8.584,1.376
El Salvador,2005,6083.0,867.0,20100000000.0,22.69,13.21,2.118
El Salvador,2010,6221.0,934.0,23800000000.0,22.69,13.21,2.118
El Salvador,2015,6378.0,947.0,25900000000.0,22.69,13.21,2.118
Equatorial Guinea,1980,290.6,230.0,44300000.0,25.0,0.0927,0.01
Equatorial Guinea,1985,390.2,230.0,93300000.0,25.0,0.0927,0.01
Equatorial Guinea,1990,455.1,230.0,135000000.0,25.0,0.11556666666666666,0.012466666666666666
Equatorial Guinea,1995,544.6,230.0,442000000.0,25.0,0.13843333333333332,0.014933333333333333
Equatorial Guinea,2000,666.4,220.0,1810000000.0,25.0,0.1613,0.0174
Equatorial Guinea,2005,829.3,210.0,10800000000.0,25.0,0.1613,0.0174
Equatorial Guinea,2010,1039.0,180.0,18000000000.0,25.0,0.1613,0.0174
Equatorial Guinea,2015,1268.0,180.0,9400000000.0,25.0,0.1613,0.0174
Eritrea,1980,3161.0,393.0,686000000.0,7.215,7.938,0.4134
Eritrea,1985,3161.0,393.0,686000000.0,7.215,7.938,0.4134
Eritrea,1990,3161.0,393.0,686000000.0,7.215,7.938,0.4134
Eritrea,1995,3161.0,393.0,686000000.0,7.215,7.938,0.4134
Eritrea,2000,3615.0,565.0,729000000.0,7.215,7.938,0.4134
Eritrea,2005,4153.0,672.0,1320000000.0,7.215,11.18,0.582
Eritrea,2010,4561.0,692.0,2610000000.0,7.215,11.18,0.582
Eritrea,2015,5069.0,692.0,2610000000.0,7.215,11.18,0.582
Estonia,1980,1521.0,1127.0,3990000000.0,11.81,28.45,2.63
Estonia,1985,1521.0,1127.0,3990000000.0,11.81,28.45,2.63
Estonia,1990,1521.0,1127.0,3990000000.0,11.81,28.45,2.63
Estonia,1995,1410.0,900.0,5070000000.0,11.81,14.69,1.358
Estonia,2000,1383.0,631.2,7320000000.0,11.81,15.29,1.413
Estonia,2005,1344.0,607.6,22200000000.0,11.81,19.84,1.834
Estonia,2010,1325.0,627.3,23100000000.0,11.81,17.64,1.631
Estonia,2015,1310.0,699.0,22700000000.0,11.81,18.61,1.72
Eswatini,1980,639.2,141.0,538000000.0,4.51,47.71,0.657
Eswatini,1985,766.7,177.0,584000000.0,4.51,54.7,0.75325
Eswatini,1990,906.0,191.0,1280000000.0,4.51,61.69,0.8495
Eswatini,1995,1004.0,191.0,1720000000.0,4.51,68.68,0.9457500000000001
Eswatini,2000,1081.0,192.0,1220000000.0,4.51,75.67,1.042
Eswatini,2005,1138.0,192.0,3050000000.0,4.51,75.67,1.042
Eswatini,2010,1248.0,190.0,4910000000.0,4.51,75.67,1.042
Eswatini,2015,1367.0,190.0,4060000000.0,4.51,75.67,1.042
Ethiopia,1980,60976.0,10492.0,8590000000.0,120.0,17.0,5.558
Ethiopia,1985,60976.0,10492.0,8590000000.0,120.0,17.0,5.558
Ethiopia,1990,60976.0,10492.0,8590000000.0,120.0,17.0,5.558
Ethiopia,1995,60976.0,10492.0,8590000000.0,120.0,17.0,5.558
Ethiopia,2000,70497.0,10498.0,7850000000.0,120.0,17.0,5.558
Ethiopia,2005,81000.0,15077.0,19700000000.0,120.0,24.04,7.861
Ethiopia,2010,92444.0,16488.0,43300000000.0,120.0,28.15,9.2055
Ethiopia,2015,104957.0,16259.0,61500000000.0,120.0,32.26,10.55
Fiji,1980,668.2,180.0,1190000000.0,28.55,0.1051,0.03
Fiji,1985,721.7,210.0,1180000000.0,28.55,0.1051,0.03
Fiji,1990,744.5,260.0,1530000000.0,28.55,0.16546666666666668,0.047233333333333336
Fiji,1995,792.9,265.0,2090000000.0,28.55,0.22583333333333333,0.06446666666666667
Fiji,2000,815.7,253.0,1840000000.0,28.55,0.2862,0.0817
Fiji,2005,834.8,252.0,3410000000.0,28.55,0.2974,0.0849
Fiji,2010,873.6,250.0,3980000000.0,28.55,0.2974,0.0849
Fiji,2015,905.5,250.0,4390000000.0,28.55,0.2974,0.0849
Finland,1980,4835.0,2328.0,52800000000.0,109.8,8.774,3.7
Finland,1985,4946.0,2281.0,91600000000.0,109.8,9.485,4.0
Finland,1990,5045.0,2286.0,113000000000.0,109.8,5.566,2.347
Finland,1995,5152.0,2129.0,127000000000.0,109.8,6.132,2.586
Finland,2000,5213.0,2209.0,140000000000.0,109.8,5.521,2.328
Finland,2005,5298.0,2261.0,255000000000.0,109.8,15.56,6.562
Finland,2010,5413.0,2253.0,257000000000.0,109.8,15.56,6.562
Finland,2015,5523.0,2249.0,230000000000.0,109.8,15.56,6.562
France,1980,54548.0,19023.0,587000000000.0,209.0,27.1,30.96
France,1985,56025.0,19459.0,938000000000.0,209.0,30.53,34.88
France,1990,57497.0,19052.0,1410000000000.0,209.0,34.33,39.21
France,1995,58763.0,19421.0,1460000000000.0,209.0,26.55,30.33
France,2000,60225.0,19500.0,1500000000000.0,209.0,28.33,32.36
France,2005,61961.0,19358.0,2660000000000.0,209.0,27.13,30.99
France,2010,63640.0,19286.0,2680000000000.0,209.0,24.2,27.64
France,2015,64980.0,19348.0,2420000000000.0,209.0,25.71,29.37
Gabon,1980,766.9,452.0,3620000000.0,164.0,0.2166,0.06
Gabon,1985,876.9,452.0,3280000000.0,164.0,0.2166,0.06
Gabon,1990,1005.0,460.0,5590000000.0,164.0,0.2891666666666667,0.0801
Gabon,1995,1142.0,495.0,5330000000.0,164.0,0.36173333333333335,0.10020000000000001
Gabon,2000,1294.0,495.0,5310000000.0,164.0,0.4343,0.1203
Gabon,2005,1489.0,495.0,12400000000.0,164.0,0.5022,0.1391
Gabon,2010,1757.0,495.0,17200000000.0,164.0,0.5022,0.1391
Gabon,2015,2025.0,495.0,14300000000.0,164.0,0.5022,0.1391
Gambia,1980,648.2,206.0,216000000.0,8.0,0.435,0.02
Gambia,1985,804.1,189.0,221000000.0,8.0,0.8182499999999999,0.037625
Gambia,1990,979.7,167.0,714000000.0,8.0,1.2015,0.055249999999999994
Gambia,1995,1128.0,210.0,804000000.0,8.0,1.58475,0.072875
Gambia,2000,1311.0,285.0,578000000.0,8.0,1.968,0.0905
Gambia,2005,1539.0,308.0,799000000.0,8.0,1.968,0.0905
Gambia,2010,1802.0,445.0,913000000.0,8.0,1.968,0.0905
Gambia,2015,2101.0,445.0,851000000.0,8.0,1.968,0.0905
Georgia,1980,5298.0,1129.0,3690000000.0,62.1,5.922,1.818
Georgia,1985,5298.0,1129.0,3690000000.0,62.1,5.922,1.818
Georgia,1990,5298.0,1129.0,3690000000.0,62.1,5.922,1.818
Georgia,1995,4881.0,1063.0,3510000000.0,62.1,5.922,1.818
Georgia,2000,4625.0,1064.0,3400000000.0,62.1,5.922,1.818
Georgia,2005,4391.0,577.0,10200000000.0,62.1,5.922,1.818
Georgia,2010,4108.0,495.0,15800000000.0,62.1,5.922,1.818
Georgia,2015,3912.0,454.0,14000000000.0,62.1,5.922,1.818
Germany,1980,77945.0,12464.0,774000000000.0,153.3,63.42,46.27
Germany,1985,78054.0,12390.0,1290000000000.0,153.3,63.42,46.27
Germany,1990,80046.0,11708.0,2120000000000.0,153.3,63.42,46.27
Germany,1995,81500.0,12060.0,2220000000000.0,153.3,61.95,45.2
Germany,2000,81612.0,11997.0,2080000000000.0,153.3,53.6,39.11
Germany,2005,81344.0,12075.0,3440000000000.0,153.3,44.22,32.26
Germany,2010,81066.0,12034.0,3540000000000.0,153.3,39.97,29.16
Germany,2015,82114.0,11963.0,3360000000000.0,153.3,39.97,29.16
Ghana,1980,11488.0,3800.0,4040000000.0,54.9,4.281,0.982
Ghana,1985,13481.0,4000.0,5070000000.0,54.9,4.281,0.982
Ghana,1990,15464.0,4320.0,6410000000.0,54.9,4.281,0.982
Ghana,1995,17609.0,5300.0,6890000000.0,54.9,4.281,0.982
Ghana,2000,19925.0,6331.0,6170000000.0,54.9,4.281,0.982
Ghana,2005,22700.0,7100.0,24800000000.0,54.9,4.281,0.982
Ghana,2010,25733.0,7400.0,41900000000.0,54.9,4.281,0.982
Ghana,2015,28834.0,7400.0,37900000000.0,54.9,4.281,0.982
Greece,1980,9804.0,3951.0,54600000000.0,65.9,10.18,5.03
Greece,1985,10068.0,3922.0,65700000000.0,65.9,11.1,5.486
Greece,1990,10451.0,3942.0,116000000000.0,65.9,16.24,8.028
Greece,1995,10961.0,3885.0,143000000000.0,65.9,17.57,8.685
Greece,2000,11217.0,3846.0,154000000000.0,65.9,18.66,9.226
Greece,2005,11381.0,3701.0,318000000000.0,65.9,19.41,9.593
Greece,2010,11378.0,3676.0,246000000000.0,65.9,19.41,9.593
Greece,2015,11160.0,3254.0,195000000000.0,65.9,19.41,9.593
Guatemala,1980,7655.0,1784.0,8720000000.0,119.4,5.743,3.324
Guatemala,1985,8639.0,1785.0,7080000000.0,119.4,5.743,3.324
Guatemala,1990,9709.0,1785.0,10400000000.0,119.4,5.743,3.324
Guatemala,1995,10888.0,1920.0,17800000000.0,119.4,5.743,3.324
Guatemala,2000,12209.0,2025.0,20800000000.0,119.4,5.743,3.324
Guatemala,2005,13700.0,2507.0,34100000000.0,119.4,5.743,3.324
Guatemala,2010,15271.0,2087.0,50400000000.0,119.4,5.743,3.324
Guatemala,2015,16914.0,2045.0,63800000000.0,119.4,5.743,3.324
Guinea,1980,4691.0,3473.0,8180000000.0,226.0,1.138,0.74
Guinea,1985,5381.0,3374.0,2040000000.0,226.0,1.138,0.74
Guinea,1990,6759.0,3355.0,3280000000.0,226.0,1.0424,0.6777666666666666
Guinea,1995,8338.0,3100.0,3780000000.0,226.0,0.9468,0.6155333333333334
Guinea,2000,9137.0,3040.0,2950000000.0,226.0,0.8512,0.5533
Guinea,2005,10097.0,3480.0,4130000000.0,226.0,0.8512,0.5533
Guinea,2010,11281.0,3700.0,5670000000.0,226.0,0.8512,0.5533
Guinea,2015,12717.0,3800.0,6700000000.0,226.0,0.8512,0.5533
Guinea-Bissau,1980,832.7,323.0,166000000.0,27.4,0.1419,0.0166
Guinea-Bissau,1985,943.6,330.0,174000000.0,27.4,0.1419,0.0166
Guinea-Bissau,1990,1063.0,367.0,226000000.0,27.4,0.1419,0.0166
Guinea-Bissau,1995,1180.0,457.0,269000000.0,27.4,1.496,0.175
Guinea-Bissau,2000,1294.0,529.0,416000000.0,27.4,1.496,0.175
Guinea-Bissau,2005,1446.0,530.0,696000000.0,27.4,1.496,0.175
Guinea-Bissau,2010,1638.0,550.0,996000000.0,27.4,1.496,0.175
Guinea-Bissau,2015,1861.0,550.0,1060000000.0,27.4,1.496,0.175
Guyana,1980,781.2,495.0,482000000.0,271.0,3.333,1.46
Guyana,1985,757.5,500.0,355000000.0,271.0,3.333,1.46
Guyana,1990,748.1,504.0,368000000.0,271.0,3.333,1.46
Guyana,1995,760.5,504.0,749000000.0,271.0,3.5385,1.5499999999999998
Guyana,2000,751.9,478.0,722000000.0,271.0,3.744,1.64
Guyana,2005,747.9,448.0,1740000000.0,271.0,3.5215,1.5425
Guyana,2010,753.1,448.0,2850000000.0,271.0,3.299,1.445
Guyana,2015,777.9,470.0,3170000000.0,271.0,3.299,1.445
Haiti,1980,5955.0,1100.0,1480000000.0,11.87,9.038,0.9799
Haiti,1985,6671.0,1100.0,2160000000.0,11.87,9.038,0.9799
Haiti,1990,7387.0,1080.0,2260000000.0,11.87,9.038,0.9799
Haiti,1995,8112.0,1200.0,3340000000.0,11.87,11.85,1.285
Haiti,2000,8835.0,1180.0,3470000000.0,11.87,12.356666666666666,1.3399999999999999
Haiti,2005,9557.0,1330.0,5890000000.0,11.87,12.863333333333333,1.395
Haiti,2010,10289.0,1280.0,7890000000.0,11.87,13.37,1.45
Haiti,2015,10981.0,1350.0,8880000000.0,11.87,13.37,1.45
Honduras,1980,3911.0,1769.0,2900000000.0,83.07,4.622,1.607
Honduras,1985,4542.0,1785.0,4150000000.0,83.07,4.622,1.607
Honduras,1990,5248.0,1855.0,3420000000.0,83.07,4.622,1.607
Honduras,1995,6029.0,1875.0,4660000000.0,83.07,4.622,1.607
Honduras,2000,6863.0,1428.0,7780000000.0,83.07,4.622,1.607
Honduras,2005,7708.0,1460.0,12300000000.0,83.07,4.622,1.607
Honduras,2010,8506.0,1475.0,18500000000.0,83.07,4.622,1.607
Honduras,2015,9265.0,1475.0,20200000000.0,83.07,4.622,1.607
Hungary,1980,10716.0,5299.0,23100000000.0,104.0,8.299,4.805
Hungary,1985,10475.0,5289.0,26100000000.0,104.0,10.97,6.351
Hungary,1990,10359.0,4972.0,38500000000.0,104.0,12.33,7.137
Hungary,1995,10309.0,5047.0,47100000000.0,104.0,10.38,6.01
Hungary,2000,10168.0,4786.0,67500000000.0,104.0,9.879,5.72
Hungary,2005,10024.0,4790.0,139000000000.0,104.0,9.644,5.584
Hungary,2010,9870.0,4579.0,127000000000.0,104.0,8.724,5.051
Hungary,2015,9722.0,4500.0,121000000000.0,104.0,8.724,5.051
Iceland,1980,233.3,134.0,3230000000.0,166.0,0.1468,0.108
Iceland,1985,247.1,135.0,5570000000.0,166.0,0.1522,0.112
Iceland,1990,260.2,136.0,7140000000.0,166.0,0.2269,0.167
Iceland,1995,272.7,133.0,7600000000.0,166.0,0.22555,0.166
Iceland,2000,285.3,129.0,9160000000.0,166.0,0.2242,0.165
Iceland,2005,305.2,125.0,21300000000.0,166.0,0.2242,0.165
Iceland,2010,325.5,121.2,14200000000.0,166.0,4.853,3.571
Iceland,2015,335.0,121.0,16600000000.0,166.0,0.3782,0.2783
India,1980,729868.0,168746.0,204000000000.0,1869.0,45.0,438.3
India,1985,816793.0,169705.0,284000000000.0,1869.0,51.07,497.4
India,1990,906021.0,170006.0,293000000000.0,1869.0,51.34,500.0
India,1995,997405.0,170101.0,423000000000.0,1869.0,57.010000000000005,555.2
India,2000,1089807.0,170032.0,524000000000.0,1869.0,62.68,610.4
India,2005,1179681.0,169202.0,1240000000000.0,1869.0,64.585,628.95
India,2010,1263066.0,169346.0,1820000000000.0,1869.0,66.49,647.5
India,2015,1339180.0,169463.0,2070000000000.0,1869.0,66.49,647.5
Indonesia,1980,154506.0,26000.0,94700000000.0,1973.0,9.909,74.32
Indonesia,1985,171729.0,30644.0,75900000000.0,1973.0,9.909,74.32
Indonesia,1990,187766.0,29551.0,139000000000.0,1973.0,9.909,74.32
Indonesia,1995,202826.0,32350.0,216000000000.0,1973.0,12.5095,93.81
Indonesia,2000,217508.0,37081.0,196000000000.0,1973.0,15.11,113.3
Indonesia,2005,232989.0,42000.0,432000000000.0,1973.0,19.966666666666665,149.73333333333332
Indonesia,2010,248883.0,45500.0,918000000000.0,1973.0,24.82333333333333,186.16666666666666
Indonesia,2015,263991.0,46000.0,862000000000.0,1973.0,29.68,222.6
Iran (Islamic Republic of),1980,41883.0,14867.0,126000000000.0,105.8,72.62,83.0
Iran (Islamic Republic of),1985,410497.0,16530.0,134000000000.0,105.8,72.62,83.0
Iran (Islamic Republic of),1990,58261.0,18287.0,125000000000.0,105.8,72.62,83.0
Iran (Islamic Republic of),1995,62711.0,17832.0,114000000000.0,105.8,72.62,83.0
Iran (Islamic Republic of),2000,67983.0,17444.0,129000000000.0,105.8,78.48,89.7
Iran (Islamic Republic of),2005,72031.0,18549.0,337000000000.0,105.8,81.45,93.1
Iran (Islamic Republic of),2010,76454.0,16769.0,587000000000.0,105.8,81.45,93.1
Iran (Islamic Republic of),2015,81163.0,16477.0,425000000000.0,105.8,81.45,93.1
Iraq,1980,14438.0,5450.0,42600000000.0,88.58,57.3,40.8
Iraq,1985,16290.0,5480.0,56600000000.0,88.58,57.61,41.02
Iraq,1990,18458.0,5550.0,180000000000.0,88.58,60.11,42.8
Iraq,1995,21509.0,4660.0,10100000000.0,88.58,76.39,54.39
Iraq,2000,24939.0,4840.0,19000000000.0,88.58,92.68,65.99
Iraq,2005,28390.0,5140.0,88800000000.0,88.58,79.83000000000001,56.839999999999996
Iraq,2010,32777.0,4568.0,218000000000.0,88.58,66.98,47.69
Iraq,2015,38275.0,5300.0,169000000000.0,88.58,54.13,38.54
Ireland,1980,3505.0,1060.0,21500000000.0,51.2,5.149,1.07
Ireland,1985,3572.0,983.0,34000000000.0,51.2,5.319,1.1053333333333333
Ireland,1990,3589.0,1006.0,56000000000.0,51.2,5.489,1.1406666666666667
Ireland,1995,3712.0,1038.0,82800000000.0,51.2,5.659,1.176
Ireland,2000,3976.0,1179.0,128000000000.0,51.2,4.5855,0.9529
Ireland,2005,4398.0,1063.0,270000000000.0,51.2,3.512,0.7298
Ireland,2010,4678.0,1171.0,225000000000.0,51.2,3.643,0.757
Ireland,2015,4762.0,447.0,238000000000.0,51.2,3.643,0.757
Israel,1980,3883.0,420.0,24600000000.0,0.555,141.7,1.643
Israel,1985,4216.0,428.0,35500000000.0,0.555,148.4,1.72
Israel,1990,4809.0,432.0,65800000000.0,0.555,136.7,1.584
Israel,1995,5632.0,419.0,115000000000.0,0.555,132.2,1.532
Israel,2000,6239.0,433.0,121000000000.0,0.555,133.1,1.543
Israel,2005,6923.0,381.1,180000000000.0,0.555,122.4,1.419
Israel,2010,7699.0,386.2,260000000000.0,0.555,122.4,1.419
Israel,2015,8322.0,392.0,296000000000.0,0.555,122.4,1.419
Italy,1980,56717.0,12415.0,426000000000.0,179.3,39.72,45.08
Italy,1985,57089.0,12070.0,803000000000.0,179.3,39.72,45.08
Italy,1990,57189.0,11629.0,1320000000000.0,179.3,39.72,45.08
Italy,1995,57185.0,10974.0,1240000000000.0,179.3,39.72,45.08
Italy,2000,57802.0,10894.0,1270000000000.0,179.3,39.72,45.08
Italy,2005,59313.0,9702.0,2200000000000.0,179.3,47.36,53.75
Italy,2010,59734.0,9560.0,2070000000000.0,179.3,38.745,43.97
Italy,2015,59360.0,9054.0,1810000000000.0,179.3,30.13,34.19
Jamaica,1980,2235.0,230.0,3290000000.0,9.111,8.572,0.9275
Jamaica,1985,2379.0,220.0,3290000000.0,9.111,8.572,0.9275
Jamaica,1990,2465.0,236.0,3530000000.0,9.111,8.572,0.9275
Jamaica,1995,2587.0,260.0,7450000000.0,9.111,8.214666666666666,0.8888333333333334
Jamaica,2000,2695.0,245.0,9690000000.0,9.111,7.857333333333333,0.8501666666666666
Jamaica,2005,2775.0,235.0,12800000000.0,9.111,7.5,0.8115
Jamaica,2010,2841.0,215.0,14700000000.0,9.111,10.004999999999999,1.08275
Jamaica,2015,2890.0,215.0,14000000000.0,9.111,12.51,1.354
Japan,1980,119616.0,5426.0,1120000000000.0,420.0,40.55,88.2
Japan,1985,123083.0,5340.0,2490000000000.0,420.0,41.285,89.80000000000001
Japan,1990,125341.0,5165.0,3850000000000.0,420.0,42.02,91.4
Japan,1995,126903.0,4949.0,4320000000000.0,420.0,41.01,89.19
Japan,2000,127903.0,4763.0,3980000000000.0,420.0,38.83,84.46
Japan,2005,128505.0,4650.0,4360000000000.0,420.0,38.05,82.75
Japan,2010,128426.0,4549.0,5960000000000.0,420.0,37.34,81.22
Japan,2015,127484.0,4471.0,4120000000000.0,420.0,37.34,81.22
Jordan,1980,2560.0,334.1,4680000000.0,0.65,59.25,0.535
Jordan,1985,3128.0,365.0,6760000000.0,0.65,68.56,0.619
Jordan,1990,3968.0,329.7,5310000000.0,0.65,103.8,0.937
Jordan,1995,4832.0,270.0,7240000000.0,0.65,92.775,0.83755
Jordan,2000,5287.0,283.0,9580000000.0,0.65,81.75,0.7381
Jordan,2005,6193.0,221.3,17100000000.0,0.65,102.1,0.9222
Jordan,2010,7993.0,302.9,30900000000.0,0.65,94.03,0.849
Jordan,2015,9702.0,324.0,37500000000.0,0.65,100.1,0.9035
Kazakhstan,1980,16481.0,35201.0,24900000000.0,100.6,44.49,32.07
Kazakhstan,1985,16481.0,35201.0,24900000000.0,100.6,44.49,32.07
Kazakhstan,1990,16481.0,35201.0,24900000000.0,100.6,44.49,32.07
Kazakhstan,1995,15582.0,32692.0,22200000000.0,100.6,44.49,32.07
Kazakhstan,2000,15106.0,28469.0,24600000000.0,100.6,25.86,18.64
Kazakhstan,2005,15841.0,28755.0,105000000000.0,100.6,27.49,19.82
Kazakhstan,2010,16921.0,29459.0,216000000000.0,100.6,28.06,20.23
Kazakhstan,2015,18204.0,29527.0,184000000000.0,100.6,29.73,21.43
Kenya,1980,17559.0,4280.0,6430000000.0,30.2,16.89,2.049
Kenya,1985,21119.0,5135.0,7970000000.0,30.2,16.89,2.049
Kenya,1990,24964.0,5772.0,8210000000.0,30.2,16.89,2.049
Kenya,1995,28954.0,5294.0,13100000000.0,30.2,18.009999999999998,2.1845
Kenya,2000,33214.0,5518.0,13100000000.0,30.2,19.13,2.32
Kenya,2005,38086.0,5770.0,32000000000.0,30.2,22.83,2.769
Kenya,2010,43647.0,6430.0,50400000000.0,30.2,26.53,3.218
Kenya,2015,49700.0,6330.0,63400000000.0,30.2,33.24,4.032
Kuwait,1980,14104.0,2.0,21600000000.0,0.0,1275.0,0.255
Kuwait,1985,1943.0,4.0,22400000000.0,0.0,1275.0,0.255
Kuwait,1990,1917.0,5.0,19900000000.0,0.0,1275.0,0.255
Kuwait,1995,1715.0,7.0,30400000000.0,0.0,1275.0,0.255
Kuwait,2000,2144.0,15.0,38100000000.0,0.0,2075.0,0.415
Kuwait,2005,2503.0,15.0,115000000000.0,0.0,2075.0,0.415
Kuwait,2010,3396.0,16.0,174000000000.0,0.0,2075.0,0.415
Kuwait,2015,4137.0,14.0,113000000000.0,0.0,2075.0,0.415
Kyrgyzstan,1980,4454.0,1388.0,2320000000.0,21.15,63.55,9.79
Kyrgyzstan,1985,4454.0,1388.0,2320000000.0,21.15,63.55,9.79
Kyrgyzstan,1990,4454.0,1388.0,2320000000.0,21.15,63.55,9.79
Kyrgyzstan,1995,4706.0,1426.0,1770000000.0,21.15,63.55,9.79
Kyrgyzstan,2000,4991.0,1411.0,1610000000.0,21.15,65.44,10.08
Kyrgyzstan,2005,5190.0,1353.0,3800000000.0,21.15,50.03,7.707
Kyrgyzstan,2010,5594.0,1352.0,6610000000.0,21.15,50.03,7.707
Kyrgyzstan,2015,6045.0,1364.0,6570000000.0,21.15,50.03,7.707
Lao People's Democratic Republic,1980,3401.0,817.0,1090000000.0,333.5,2.277,3.493
Lao People's Democratic Republic,1985,3905.0,840.0,1090000000.0,333.5,2.277,3.493
Lao People's Democratic Republic,1990,4502.0,864.0,1130000000.0,333.5,2.277,3.493
Lao People's Democratic Republic,1995,5057.0,930.0,1750000000.0,333.5,2.277,3.493
Lao People's Democratic Republic,2000,5497.0,1096.0,1760000000.0,333.5,2.277,3.493
Lao People's Democratic Republic,2005,5950.0,1338.0,4220000000.0,333.5,2.277,3.493
Lao People's Democratic Republic,2010,6415.0,1619.0,9360000000.0,333.5,2.277,3.493
Lao People's Democratic Republic,2015,6858.0,1694.0,12300000000.0,333.5,2.277,3.493
Latvia,1980,2620.0,1710.0,4850000000.0,34.54,2.394,0.4062
Latvia,1985,2620.0,1710.0,4850000000.0,34.54,2.394,0.4062
Latvia,1990,2620.0,1710.0,4850000000.0,34.54,2.394,0.4062
Latvia,1995,2453.0,1094.0,6520000000.0,34.54,2.394,0.4062
Latvia,2000,2332.0,985.0,9540000000.0,34.54,1.441,0.2445
Latvia,2005,2199.0,1198.0,30800000000.0,34.54,1.217,0.2066
Latvia,2010,2066.0,1184.0,28000000000.0,34.54,1.463,0.2482
Latvia,2015,1950.0,1296.0,27000000000.0,34.54,1.322,0.2244
Lebanon,1980,2632.0,298.0,5550000000.0,3.803,41.89,1.291
Lebanon,1985,2672.0,304.0,5550000000.0,3.803,41.89,1.291
Lebanon,1990,2822.0,306.0,5550000000.0,3.803,41.89,1.291
Lebanon,1995,3093.0,322.0,15800000000.0,3.803,41.89,1.291
Lebanon,2000,3523.0,271.0,19200000000.0,3.803,41.08,1.266
Lebanon,2005,4086.0,277.1,24600000000.0,3.803,35.56,1.096
Lebanon,2010,4916.0,258.0,43200000000.0,3.803,47.175,1.4540000000000002
Lebanon,2015,6082.0,258.0,47100000000.0,3.803,58.79,1.812
Lesotho,1980,1377.0,292.0,327000000.0,3.022,2.929,0.05
Lesotho,1985,1525.0,330.0,369000000.0,3.022,2.929,0.05
Lesotho,1990,1667.0,336.0,721000000.0,3.022,2.808,0.047933333333333335
Lesotho,1995,1810.0,329.0,860000000.0,3.022,2.687,0.04586666666666667
Lesotho,2000,1902.0,304.0,657000000.0,3.022,2.566,0.0438
Lesotho,2005,1982.0,329.0,1600000000.0,3.022,2.566,0.0438
Lesotho,2010,2090.0,285.3,2380000000.0,3.022,2.566,0.0438
Lesotho,2015,2233.0,357.0,2180000000.0,3.022,2.566,0.0438
Liberia,1980,2032.0,580.0,864000000.0,232.0,0.2355,0.13
Liberia,1985,2191.0,603.0,973000000.0,232.0,0.2355,0.13
Liberia,1990,2023.0,500.0,224000000.0,232.0,0.236,0.13026666666666667
Liberia,1995,2358.0,520.0,296000000.0,232.0,0.2365,0.13053333333333333
Liberia,2000,3063.0,610.0,543000000.0,232.0,0.237,0.1308
Liberia,2005,3513.0,615.0,739000000.0,232.0,0.237,0.1308
Liberia,2010,4182.0,710.0,1740000000.0,232.0,0.237,0.1308
Liberia,2015,4732.0,700.0,2050000000.0,232.0,0.237,0.1308
Libya,1980,3480.0,2092.0,29300000000.0,0.2,210.0,1.47
Libya,1985,4110.0,2140.0,23200000000.0,0.2,445.0,3.115
Libya,1990,4651.0,2165.0,33900000000.0,0.2,680.0,4.76
Libya,1995,41047.0,2366.0,30700000000.0,0.2,657.1,4.6
Libya,2000,5528.0,2150.0,20500000000.0,0.2,615.4,4.308
Libya,2005,5970.0,2085.0,67500000000.0,0.2,688.9,4.822
Libya,2010,6198.0,2055.0,81900000000.0,0.2,822.9,5.76
Libya,2015,6375.0,2050.0,29200000000.0,0.2,822.9,5.76
Lithuania,1980,3688.0,2929.0,8560000000.0,24.4,31.34,4.347
Lithuania,1985,3688.0,2929.0,8560000000.0,24.4,31.34,4.347
Lithuania,1990,3688.0,2929.0,8560000000.0,24.4,31.34,4.347
Lithuania,1995,3580.0,2921.0,10100000000.0,24.4,31.34,4.347
Lithuania,2000,3445.0,1682.0,14300000000.0,24.4,19.96,2.768
Lithuania,2005,3260.0,1866.0,39700000000.0,24.4,16.32,2.264
Lithuania,2010,3037.0,2292.0,42900000000.0,24.4,18.14,2.516
Lithuania,2015,2890.0,2178.0,41200000000.0,24.4,19.96,2.768
Luxembourg,1980,417.0,63.0,4810000000.0,3.5,3.292,0.0397
Luxembourg,1985,419.0,63.0,8700000000.0,3.5,5.556,0.067
Luxembourg,1990,425.3,63.0,16200000000.0,3.5,5.1205,0.06175
Luxembourg,1995,432.8,63.0,19500000000.0,3.5,4.685,0.0565
Luxembourg,2000,443.7,63.0,23300000000.0,3.5,5.017,0.0605
Luxembourg,2005,474.7,63.0,50300000000.0,3.5,4.3535,0.0525
Luxembourg,2010,532.4,64.13,56000000000.0,3.5,3.69,0.0445
Luxembourg,2015,583.5,63.4,57800000000.0,3.5,3.648,0.044
Madagascar,1980,9234.0,3100.0,3530000000.0,332.0,13.64,16.3
Madagascar,1985,10648.0,3240.0,2570000000.0,332.0,13.64,16.3
Madagascar,1990,12301.0,3370.0,3020000000.0,332.0,12.823333333333334,15.323333333333334
Madagascar,1995,14348.0,3490.0,3550000000.0,332.0,12.006666666666666,14.346666666666666
Madagascar,2000,16765.0,3550.0,4400000000.0,332.0,11.19,13.37
Madagascar,2005,19434.0,3600.0,7340000000.0,332.0,11.35,13.56
Madagascar,2010,22347.0,4120.0,9920000000.0,332.0,11.35,13.56
Madagascar,2015,25571.0,4120.0,9980000000.0,332.0,11.35,13.56
Malawi,1980,6484.0,2190.0,1180000000.0,17.28,12.08,0.936
Malawi,1985,8120.0,2270.0,1180000000.0,17.28,12.08,0.936
Malawi,1990,9730.0,2430.0,1800000000.0,17.28,12.08,0.936
Malawi,1995,10382.0,2580.0,2660000000.0,17.28,12.08,0.936
Malawi,2000,12014.0,2980.0,3500000000.0,17.28,17.09,1.325
Malawi,2005,13841.0,3135.0,4430000000.0,17.28,17.51,1.357
Malawi,2010,16097.0,3885.0,6030000000.0,17.28,17.51,1.357
Malawi,2015,18622.0,3940.0,6570000000.0,17.28,17.51,1.357
Malaysia,1980,14471.0,4845.0,26800000000.0,566.0,5.19,10.12
Malaysia,1985,16525.0,5801.0,32200000000.0,566.0,5.19,10.12
Malaysia,1990,19013.0,6526.0,59200000000.0,566.0,5.19,10.12
Malaysia,1995,21565.0,6674.0,100000000000.0,566.0,2.812,5.484
Malaysia,2000,24199.0,6752.0,101000000000.0,566.0,4.77,9.301
Malaysia,2005,26626.0,6822.0,194000000000.0,566.0,5.744,11.2
Malaysia,2010,29170.0,7544.0,314000000000.0,566.0,5.744,11.2
Malaysia,2015,31624.0,8342.0,296000000000.0,566.0,5.744,11.2
Maldives,1980,170.0,7.0,47900000.0,0.0,11.33,0.0034
Maldives,1985,203.1,7.0,141000000.0,0.0,11.33,0.0034
Maldives,1990,236.2,7.0,285000000.0,0.0,12.415,0.003725
Maldives,1995,264.3,7.0,508000000.0,0.0,13.5,0.00405
Maldives,2000,294.3,11.0,911000000.0,0.0,14.585,0.004375
Maldives,2005,336.1,7.0,1750000000.0,0.0,15.67,0.0047
Maldives,2010,386.2,6.9,2510000000.0,0.0,15.67,0.0047
Maldives,2015,436.3,6.9,3140000000.0,0.0,15.67,0.0047
Mali,1980,7388.0,2083.0,1330000000.0,110.0,2.099,1.36
Mali,1985,8068.0,2106.0,2090000000.0,110.0,2.099,1.36
Mali,1990,8868.0,2240.0,2830000000.0,110.0,3.575,2.3165
Mali,1995,10114.0,4650.0,2700000000.0,110.0,5.051,3.2729999999999997
Mali,2000,11639.0,5045.0,3890000000.0,110.0,6.527,4.2295
Mali,2005,13676.0,5958.0,8150000000.0,110.0,8.003,5.186
Mali,2010,16007.0,7011.0,12400000000.0,110.0,8.003,5.186
Mali,2015,18542.0,6561.0,13100000000.0,110.0,8.003,5.186
Malta,1980,339.3,13.0,1230000000.0,0.0005,39.6,0.02
Malta,1985,355.4,13.0,1750000000.0,0.0005,45.873333333333335,0.023166666666666665
Malta,1990,370.6,13.0,3020000000.0,0.0005,52.14666666666667,0.026333333333333334
Malta,1995,387.2,10.0,3630000000.0,0.0005,58.42,0.0295
Malta,2000,401.3,10.0,4300000000.0,0.0005,67.33,0.034
Malta,2005,410.3,9.3,7470000000.0,0.0005,64.95,0.0328
Malta,2010,420.8,10.3,9260000000.0,0.0005,33.66,0.017
Malta,2015,430.8,10.38,9260000000.0,0.0005,82.97,0.0419
Mauritania,1980,1625.0,254.0,750000000.0,11.1,7.172,0.73
Mauritania,1985,1871.0,345.0,910000000.0,11.1,9.3065,0.9472499999999999
Mauritania,1990,2141.0,428.0,1460000000.0,11.1,11.440999999999999,1.1644999999999999
Mauritania,1995,2472.0,500.0,1400000000.0,11.1,13.5755,1.38175
Mauritania,2000,2873.0,412.0,1320000000.0,11.1,15.71,1.599
Mauritania,2005,3313.0,411.0,3360000000.0,11.1,13.24,1.348
Mauritania,2010,3830.0,411.0,5230000000.0,11.1,13.24,1.348
Mauritania,2015,4420.0,461.0,5440000000.0,11.1,13.24,1.348
Mauritius,1980,988.9,107.0,1080000000.0,2.358,20.57,0.566
Mauritius,1985,1030.0,107.0,1890000000.0,2.358,20.57,0.566
Mauritius,1990,1083.0,102.0,3220000000.0,2.358,20.57,0.566
Mauritius,1995,1154.0,95.0,4190000000.0,2.358,22.36,0.615
Mauritius,2000,1202.0,93.0,4770000000.0,2.358,24.26,0.6675
Mauritius,2005,1234.0,85.0,7790000000.0,2.358,24.26,0.6675
Mauritius,2010,1253.0,80.0,11400000000.0,2.358,24.26,0.6675
Mauritius,2015,1265.0,79.0,11500000000.0,2.358,24.26,0.6675
Mexico,1980,72603.0,19800.0,174000000000.0,402.9,20.99,55.97
Mexico,1985,80503.0,21470.0,140000000000.0,402.9,22.5225,60.052499999999995
Mexico,1990,88828.0,24757.0,364000000000.0,402.9,24.055,64.13499999999999
Mexico,1995,97282.0,25182.0,481000000000.0,402.9,25.5875,68.2175
Mexico,2000,104356.0,25708.0,742000000000.0,402.9,27.12,72.3
Mexico,2005,111836.0,26145.0,1040000000000.0,402.9,29.5,78.65
Mexico,2010,120828.0,25808.0,1190000000000.0,402.9,30.72,81.91
Mexico,2015,129163.0,25187.0,1140000000000.0,402.9,32.14,85.68
Mongolia,1980,1778.0,1251.0,2550000000.0,32.7,3.142,0.428
Mongolia,1985,2033.0,1335.0,3020000000.0,32.7,3.142,0.428
Mongolia,1990,2244.0,1363.0,1320000000.0,32.7,3.142,0.428
Mongolia,1995,2336.0,1228.0,1180000000.0,32.7,3.416333333333333,0.4653333333333333
Mongolia,2000,2444.0,758.0,1400000000.0,32.7,3.6906666666666665,0.5026666666666667
Mongolia,2005,2592.0,705.0,4230000000.0,32.7,3.965,0.54
Mongolia,2010,2814.0,651.0,12300000000.0,32.7,4.046,0.551
Mongolia,2015,3076.0,572.2,11800000000.0,32.7,3.395,0.4624
Morocco,1980,21017.0,8277.0,17700000000.0,22.0,48.24,10.05
Morocco,1985,23498.0,8766.0,21800000000.0,22.0,52.8,11.0
Morocco,1990,25791.0,9716.0,33700000000.0,22.0,52.99,11.04
Morocco,1995,27826.0,9895.0,39100000000.0,22.0,54.05,11.26
Morocco,2000,29512.0,9283.0,42200000000.0,22.0,71.14,14.82
Morocco,2005,31226.0,8960.0,79000000000.0,22.0,60.41,12.585
Morocco,2010,33334.0,9403.0,98300000000.0,22.0,49.68,10.35
Morocco,2015,35740.0,9592.0,100000000000.0,22.0,49.68,10.35
Mozambique,1980,12409.0,3230.0,3620000000.0,214.1,0.7194,0.605
Mozambique,1985,13021.0,3530.0,2350000000.0,214.1,0.7194,0.605
Mozambique,1990,14071.0,3750.0,2290000000.0,214.1,0.7194,0.605
Mozambique,1995,16701.0,4135.0,4230000000.0,214.1,0.8852,0.7445999999999999
Mozambique,2000,19140.0,4700.0,5030000000.0,214.1,1.051,0.8842
Mozambique,2005,22188.0,5450.0,9370000000.0,214.1,1.2843333333333333,1.0804666666666667
Mozambique,2010,25677.0,5950.0,14500000000.0,214.1,1.5176666666666665,1.2767333333333335
Mozambique,2015,29669.0,5950.0,14700000000.0,214.1,1.751,1.473
Myanmar,1980,34918.0,10080.0,74700000000.0,1157.0,4.932,28.26
Myanmar,1985,38673.0,10060.0,74700000000.0,1157.0,4.932,28.26
Myanmar,1990,41711.0,10039.0,74700000000.0,1157.0,5.221,29.916666666666668
Myanmar,1995,44372.0,10154.0,74700000000.0,1157.0,5.510000000000001,31.57333333333333
Myanmar,2000,47140.0,10611.0,74700000000.0,1157.0,5.799,33.23
Myanmar,2005,49172.0,11678.0,74700000000.0,1157.0,5.799,33.23
Myanmar,2010,50987.0,12242.0,74700000000.0,1157.0,5.799,33.23
Myanmar,2015,53371.0,12458.0,64900000000.0,1157.0,5.799,33.23
Namibia,1980,1056.0,657.0,2130000000.0,37.85,0.4279,0.14
Namibia,1985,1246.0,662.0,2310000000.0,37.85,0.4279,0.14
Namibia,1990,1514.0,662.0,3450000000.0,37.85,0.7601,0.2487
Namibia,1995,1759.0,820.0,4100000000.0,37.85,0.8157,0.2669
Namibia,2000,1962.0,820.0,3360000000.0,37.85,0.8616,0.2819
Namibia,2005,2080.0,808.0,8740000000.0,37.85,0.8616,0.2819
Namibia,2010,2264.0,809.0,13000000000.0,37.85,0.8616,0.2819
Namibia,2015,2534.0,809.0,11500000000.0,37.85,0.8616,0.2819
Nepal,1980,15607.0,2321.0,2400000000.0,210.2,8.369,9.562
Nepal,1985,17481.0,2339.0,2960000000.0,210.2,8.369,9.562
Nepal,1990,19774.0,2365.0,3400000000.0,210.2,8.369,9.562
Nepal,1995,22390.0,2426.0,4920000000.0,210.2,8.369,9.562
Nepal,2000,24566.0,2455.0,6050000000.0,210.2,8.369,9.562
Nepal,2005,26215.0,2375.0,10300000000.0,210.2,8.312,9.497
Nepal,2010,27650.0,2326.0,18900000000.0,210.2,8.312,9.497
Nepal,2015,29305.0,2326.0,20900000000.0,210.2,8.312,9.497
Netherlands,1980,14295.0,820.0,156000000000.0,91.0,17.46,9.198
Netherlands,1985,14683.0,890.0,242000000000.0,91.0,17.75,9.349
Netherlands,1990,15166.0,922.0,358000000000.0,91.0,15.16,7.983
Netherlands,1995,15655.0,935.0,412000000000.0,91.0,12.35,6.507
Netherlands,2000,16110.0,949.0,465000000000.0,91.0,16.91,8.906
Netherlands,2005,16507.0,1094.0,839000000000.0,91.0,20.77,10.94
Netherlands,2010,16789.0,1047.0,829000000000.0,91.0,20.35,10.72
Netherlands,2015,17036.0,1066.0,753000000000.0,91.0,16.93,8.919
Nicaragua,1980,3436.0,1329.0,2450000000.0,160.9,2.421,1.387
Nicaragua,1985,3883.0,1439.0,3850000000.0,160.9,2.421,1.387
Nicaragua,1990,4331.0,1525.0,1790000000.0,160.9,2.421,1.387
Nicaragua,1995,4787.0,1980.0,4390000000.0,160.9,2.421,1.387
Nicaragua,2000,5172.0,2268.0,5220000000.0,160.9,2.421,1.387
Nicaragua,2005,5522.0,2095.0,7460000000.0,160.9,2.5585,1.466
Nicaragua,2010,5877.0,1828.0,10400000000.0,160.9,2.696,1.545
Nicaragua,2015,6218.0,1790.0,12700000000.0,160.9,2.696,1.545
Niger,1980,6344.0,9860.0,2020000000.0,31.55,2.133,0.5
Niger,1985,7324.0,9512.0,2230000000.0,31.55,2.133,0.5
Niger,1990,8549.0,13000.0,2340000000.0,31.55,2.6487499999999997,0.6209
Niger,1995,10180.0,14000.0,1850000000.0,31.55,3.1645,0.7418
Niger,2000,12206.0,14000.0,2170000000.0,31.55,3.68025,0.8627
Niger,2005,14668.0,15000.0,4290000000.0,31.55,4.196,0.9836
Niger,2010,17732.0,16000.0,6940000000.0,31.55,5.8245000000000005,1.3653
Niger,2015,21477.0,16900.0,7140000000.0,31.55,7.453,1.747
Nigeria,1980,77473.0,20632.0,51400000000.0,279.2,4.333,5.59
Nigeria,1985,88102.0,31482.0,24100000000.0,279.2,4.333,5.59
Nigeria,1990,100222.0,34500.0,29300000000.0,279.2,5.552666666666667,7.163333333333333
Nigeria,1995,113523.0,38500.0,35800000000.0,279.2,6.772333333333334,8.736666666666666
Nigeria,2000,128667.0,40300.0,59100000000.0,279.2,7.992,10.31
Nigeria,2005,146417.0,43400.0,166000000000.0,279.2,8.969,11.57
Nigeria,2010,167297.0,41700.0,461000000000.0,279.2,9.667,12.47
Nigeria,2015,190886.0,40500.0,481000000000.0,279.2,9.667,12.47
North Macedonia,1980,1989.0,662.0,2320000000.0,6.4,37.63,1.555
North Macedonia,1985,1989.0,662.0,2320000000.0,6.4,37.63,1.555
North Macedonia,1990,1989.0,662.0,2320000000.0,6.4,37.63,1.555
North Macedonia,1995,2000.0,647.0,3740000000.0,6.4,37.63,1.555
North Macedonia,2000,2049.0,543.0,4020000000.0,6.4,15.32,0.6332
North Macedonia,2005,2065.0,467.0,8340000000.0,6.4,13.34,0.5512
North Macedonia,2010,2074.0,450.0,9750000000.0,6.4,13.34,0.5512
North Macedonia,2015,2083.0,456.0,10100000000.0,6.4,13.34,0.5512
Norway,1980,4112.0,841.0,62600000000.0,387.0,1.521,2.0
Norway,1985,4187.0,869.0,94200000000.0,387.0,1.6273333333333333,2.14
Norway,1990,4293.0,883.0,131000000000.0,387.0,1.7336666666666667,2.28
Norway,1995,4420.0,902.0,161000000000.0,387.0,1.84,2.42
Norway,2000,4546.0,883.0,195000000000.0,387.0,1.824,2.399
Norway,2005,4720.0,857.4,401000000000.0,387.0,2.301,3.026
Norway,2010,5012.0,816.3,510000000000.0,387.0,2.301,3.026
Norway,2015,5305.0,808.1,388000000000.0,387.0,2.301,3.026
Occupied Palestinian Territory,1980,1600.0,223.0,3760000000.0,0.087,38.37,0.269
Occupied Palestinian Territory,1985,1879.0,225.0,3760000000.0,0.087,38.37,0.269
Occupied Palestinian Territory,1990,2287.0,220.0,3760000000.0,0.087,38.37,0.269
Occupied Palestinian Territory,1995,2871.0,220.0,3760000000.0,0.087,38.37,0.269
Occupied Palestinian Territory,2000,3379.0,220.0,3560000000.0,0.087,38.37,0.269
Occupied Palestinian Territory,2005,3752.0,203.5,5510000000.0,0.087,58.19,0.408
Occupied Palestinian Territory,2010,4295.0,122.0,11300000000.0,0.087,54.655,0.3832
Occupied Palestinian Territory,2015,4921.0,146.9,12700000000.0,0.087,51.12,0.3584
Oman,1980,1290.0,51.0,7550000000.0,1.05,85.5,1.197
Oman,1985,1620.0,70.0,7810000000.0,1.05,85.5,1.197
Oman,1990,1983.0,83.0,12500000000.0,1.05,85.5,1.197
Oman,1995,2250.0,70.0,15800000000.0,1.05,87.1425,1.22
Oman,2000,2334.0,73.4,20100000000.0,1.05,88.785,1.2429999999999999
Oman,2005,2663.0,65.0,42100000000.0,1.05,88.785,1.2429999999999999
Oman,2010,3465.0,72.8,76300000000.0,1.05,88.785,1.2429999999999999
Oman,2015,4636.0,85.0,70300000000.0,1.05,88.785,1.2429999999999999
Pakistan,1980,83446.0,33509.0,30700000000.0,239.2,95.45,155.6
Pakistan,1985,98357.0,31671.0,33400000000.0,239.2,95.45,155.6
Pakistan,1990,113747.0,30380.0,48600000000.0,239.2,95.45,155.6
Pakistan,1995,129087.0,31669.0,62400000000.0,239.2,100.67500000000001,164.1
Pakistan,2000,144654.0,31884.0,72300000000.0,239.2,105.9,172.6
Pakistan,2005,160333.0,31013.0,152000000000.0,239.2,112.6,183.5
Pakistan,2010,177912.0,31063.0,225000000000.0,239.2,112.6,183.5
Pakistan,2015,197016.0,31844.0,270000000000.0,239.2,112.6,183.5
Panama,1980,2074.0,574.0,5040000000.0,135.9,0.7714,1.037
Panama,1985,2318.0,615.0,5970000000.0,135.9,0.7714,1.037
Panama,1990,2576.0,660.0,7030000000.0,135.9,0.7714,1.037
Panama,1995,2854.0,663.0,10700000000.0,135.9,0.7714,1.037
Panama,2000,3149.0,708.0,13000000000.0,135.9,0.7714,1.037
Panama,2005,3454.0,715.0,21000000000.0,135.9,0.7714,1.037
Panama,2010,3773.0,748.0,40000000000.0,135.9,0.7714,1.037
Panama,2015,4099.0,748.0,52100000000.0,135.9,0.9008,1.211
Papua New Guinea,1980,3495.0,670.0,2370000000.0,801.0,0.0915,0.2714
Papua New Guinea,1985,3998.0,726.0,3140000000.0,801.0,0.0915,0.2714
Papua New Guinea,1990,4536.0,742.0,4380000000.0,801.0,0.0915,0.2714
Papua New Guinea,1995,5155.0,787.0,4940000000.0,801.0,0.0915,0.2714
Papua New Guinea,2000,5862.0,820.0,3000000000.0,801.0,0.0915,0.2714
Papua New Guinea,2005,6628.0,850.0,6340000000.0,801.0,0.1322,0.3921
Papua New Guinea,2010,7431.0,1000.0,15400000000.0,801.0,0.1322,0.3921
Papua New Guinea,2015,8251.0,1000.0,16900000000.0,801.0,0.1322,0.3921
Paraguay,1980,3367.0,1893.0,5070000000.0,387.8,0.327,0.43
Paraguay,1985,3885.0,2088.0,3780000000.0,387.8,0.327,0.43
Paraguay,1990,4433.0,2385.0,7160000000.0,387.8,0.3422,0.45
Paraguay,1995,4980.0,2685.0,9970000000.0,387.8,0.3574,0.47
Paraguay,2000,5509.0,3308.0,6330000000.0,387.8,0.3726,0.49
Paraguay,2005,5966.0,3740.0,13800000000.0,387.8,1.1038,1.4514999999999998
Paraguay,2010,6379.0,4500.0,24600000000.0,387.8,1.835,2.413
Paraguay,2015,6811.0,4885.0,27600000000.0,387.8,1.835,2.413
Peru,1980,18226.0,3625.0,21200000000.0,1880.0,2.525,13.56
Peru,1985,20452.0,3790.0,20200000000.0,1880.0,2.525,13.56
Peru,1990,22737.0,4040.0,35200000000.0,1880.0,2.525,13.56
Peru,1995,24827.0,4782.0,56800000000.0,1880.0,2.525,13.56
Peru,2000,26601.0,4787.0,54400000000.0,1880.0,2.525,13.56
Peru,2005,28293.0,5186.0,102000000000.0,1880.0,2.525,13.56
Peru,2010,30159.0,5535.0,193000000000.0,1880.0,2.525,13.56
Peru,2015,32165.0,4887.0,192000000000.0,1880.0,2.525,13.56
Philippines,1980,50068.0,9640.0,37100000000.0,444.0,24.12,78.9
Philippines,1985,57313.0,9820.0,33200000000.0,444.0,24.12,78.9
Philippines,1990,65075.0,9835.0,53000000000.0,444.0,24.12,78.9
Philippines,1995,73065.0,9885.0,82300000000.0,444.0,24.12,78.9
Philippines,2000,81352.0,9635.0,81400000000.0,444.0,24.12,78.9
Philippines,2005,89293.0,10290.0,149000000000.0,444.0,24.12,78.9
Philippines,2010,96867.0,10930.0,250000000000.0,444.0,24.93,81.56
Philippines,2015,104918.0,10940.0,292000000000.0,444.0,26.03,85.14
Poland,1980,36217.0,14821.0,63900000000.0,60.0,52.37,15.13
Poland,1985,37539.0,14817.0,63900000000.0,60.0,56.8,16.41
Poland,1990,38192.0,14699.0,92500000000.0,60.0,46.31,13.38
Poland,1995,38539.0,14321.0,158000000000.0,60.0,44.27,12.79
Poland,2000,38484.0,13337.0,199000000000.0,60.0,40.57,11.72
Poland,2005,38330.0,12198.0,429000000000.0,60.0,41.61,12.02
Poland,2010,38317.0,11323.0,500000000000.0,60.0,39.7,11.47
Poland,2015,38171.0,11199.0,475000000000.0,60.0,36.62,10.58
Portugal,1980,9926.0,3147.0,30500000000.0,77.4,17.28,8.598
Portugal,1985,9971.0,3163.0,48200000000.0,77.4,17.28,8.598
Portugal,1990,10010.0,3040.0,108000000000.0,77.4,17.28,8.598
Portugal,1995,10233.0,2590.0,117000000000.0,77.4,22.38,11.14
Portugal,2000,10444.0,2408.0,134000000000.0,77.4,20.38,10.143
Portugal,2005,10630.0,1879.0,240000000000.0,77.4,18.38,9.146
Portugal,2010,10582.0,1856.0,216000000000.0,77.4,18.38,9.146
Portugal,2015,10330.0,1738.0,199000000000.0,77.4,18.38,9.146
Qatar,1980,277.4,7.0,7600000000.0,0.0,277.1,0.1607
Qatar,1985,422.3,11.0,5450000000.0,0.0,277.1,0.1607
Qatar,1990,495.5,14.0,7650000000.0,0.0,277.1,0.1607
Qatar,1995,534.6,16.0,11300000000.0,0.0,277.1,0.1607
Qatar,2000,645.7,14.5,19400000000.0,0.0,282.6,0.1639
Qatar,2005,1190.0,15.6,79700000000.0,0.0,374.1,0.217
Qatar,2010,2110.0,16.52,190000000000.0,0.0,374.1,0.217
Qatar,2015,2639.0,17.0,167000000000.0,0.0,374.1,0.217
Republic of Korea,1980,39180.0,2180.0,81600000000.0,67.1,60.04,20.57
Republic of Korea,1985,41691.0,2143.0,151000000000.0,67.1,60.04,20.57
Republic of Korea,1990,43853.0,2070.0,356000000000.0,67.1,60.04,20.57
Republic of Korea,1995,46203.0,1924.0,560000000000.0,67.1,74.26,25.44
Republic of Korea,2000,48005.0,1863.0,609000000000.0,67.1,85.11,29.16
Republic of Korea,2005,49062.0,1782.0,1120000000000.0,67.1,84.76,29.04
Republic of Korea,2010,49952.0,1730.0,1220000000000.0,67.1,84.76,29.04
Republic of Korea,2015,50982.0,1644.0,1380000000000.0,67.1,84.76,29.04
Republic of Moldova,1980,4375.0,2202.0,2320000000.0,11.97,29.15,1.963
Republic of Moldova,1985,4375.0,2202.0,2320000000.0,11.97,29.15,1.963
Republic of Moldova,1990,4375.0,2202.0,2320000000.0,11.97,29.15,1.963
Republic of Moldova,1995,4285.0,2186.0,1930000000.0,11.97,24.706666666666667,1.6636666666666666
Republic of Moldova,2000,4177.0,2144.0,1660000000.0,11.97,20.263333333333335,1.3643333333333332
Republic of Moldova,2005,4129.0,2125.0,4400000000.0,11.97,15.82,1.065
Republic of Moldova,2010,4074.0,2109.0,7280000000.0,11.97,15.82,1.065
Republic of Moldova,2015,4051.0,2096.0,6550000000.0,11.97,15.82,1.065
Romania,1980,22842.0,10524.0,38100000000.0,211.5,17.6,18.8
Romania,1985,23312.0,10686.0,38100000000.0,211.5,19.19,20.5
Romania,1990,23373.0,9960.0,25100000000.0,211.5,19.11,20.41
Romania,1995,22633.0,9898.0,35800000000.0,211.5,11.67,12.46
Romania,2000,21855.0,9859.0,46200000000.0,211.5,8.635,9.222
Romania,2005,21036.0,9136.0,172000000000.0,211.5,6.446,6.884
Romania,2010,20171.0,9244.0,172000000000.0,211.5,6.069,6.482
Romania,2015,19679.0,9000.0,178000000000.0,211.5,5.968,6.374
Russian Federation,1980,148318.0,133708.0,460000000000.0,4249.0,4.905,77.1
Russian Federation,1985,148318.0,133708.0,460000000000.0,4249.0,4.905,77.1
Russian Federation,1990,148318.0,133708.0,460000000000.0,4249.0,4.905,77.1
Russian Federation,1995,147768.0,129384.0,405000000000.0,4249.0,4.905,77.1
Russian Federation,2000,145195.0,125300.0,345000000000.0,4249.0,4.211,66.2
Russian Federation,2005,143150.0,123368.0,1300000000000.0,4249.0,4.281000000000001,67.3
Russian Federation,2010,143421.0,121350.0,2170000000000.0,4249.0,4.351,68.4
Russian Federation,2015,143990.0,124722.0,1330000000000.0,4249.0,4.421,69.5
Rwanda,1980,5489.0,1075.0,1410000000.0,13.3,4.967,0.15
Rwanda,1985,6732.0,1142.0,2160000000.0,13.3,4.967,0.15
Rwanda,1990,6702.0,1187.0,2030000000.0,13.3,4.967,0.15
Rwanda,1995,6522.0,1050.0,1850000000.0,13.3,4.967,0.15
Rwanda,2000,8536.0,1366.0,1680000000.0,13.3,4.967,0.15
Rwanda,2005,9447.0,1365.0,3780000000.0,13.3,4.967,0.15
Rwanda,2010,10789.0,1401.0,7220000000.0,13.3,4.967,0.15
Rwanda,2015,12208.0,1402.0,8100000000.0,13.3,4.967,0.15
Saint Kitts and Nevis,1980,42.76,13.0,84400000.0,0.004,51.25,0.0123
Saint Kitts and Nevis,1985,41.35,11.0,141000000.0,0.004,51.25,0.0123
Saint Kitts and Nevis,1990,41.36,10.0,229000000.0,0.004,51.25,0.0123
Saint Kitts and Nevis,1995,43.85,7.0,357000000.0,0.004,51.25,0.0123
Saint Kitts and Nevis,2000,46.64,7.1,481000000.0,0.004,51.25,0.0123
Saint Kitts and Nevis,2005,49.78,4.09,684000000.0,0.004,51.25,0.0123
Saint Kitts and Nevis,2010,52.59,5.1,732000000.0,0.004,51.25,0.0123
Saint Kitts and Nevis,2015,55.34,5.1,922000000.0,0.004,51.25,0.0123
Saudi Arabia,1980,11048.0,2068.0,153000000000.0,2.2,671.7,16.12
Saudi Arabia,1985,14526.0,2980.0,85700000000.0,2.2,671.7,16.12
Saudi Arabia,1990,17379.0,3746.0,136000000000.0,2.2,671.7,16.12
Saudi Arabia,1995,19506.0,3785.0,165000000000.0,2.2,762.2333333333333,18.293333333333333
Saudi Arabia,2000,21906.0,3793.0,189000000000.0,2.2,852.7666666666667,20.46666666666667
Saudi Arabia,2005,25253.0,3675.0,416000000000.0,2.2,943.3,22.64
Saudi Arabia,2010,29086.0,3345.0,734000000000.0,2.2,797.5,19.14
Saudi Arabia,2015,32938.0,3619.0,646000000000.0,2.2,871.7,20.92
Senegal,1980,5920.0,3139.0,3110000000.0,36.97,7.23,1.36
Senegal,1985,6894.0,3132.0,5040000000.0,36.97,7.23,1.36
Senegal,1990,8030.0,3080.0,6000000000.0,36.97,8.756666666666668,1.647
Senegal,1995,9197.0,2978.0,4670000000.0,36.97,10.283333333333333,1.9340000000000002
Senegal,2000,10397.0,3100.0,5330000000.0,36.97,11.81,2.221
Senegal,2005,11874.0,2903.0,11300000000.0,36.97,11.81,2.221
Senegal,2010,13704.0,3365.0,14000000000.0,36.97,11.81,2.221
Senegal,2015,15851.0,3268.0,13800000000.0,36.97,11.81,2.221
Sierra Leone,1980,3525.0,540.0,1300000000.0,150.0,0.8645,0.37
Sierra Leone,1985,4035.0,620.0,701000000.0,150.0,0.8645,0.37
Sierra Leone,1990,4331.0,611.0,680000000.0,150.0,0.7234666666666667,0.3096333333333333
Sierra Leone,1995,4305.0,609.0,850000000.0,150.0,0.5824333333333334,0.2492666666666667
Sierra Leone,2000,4957.0,1030.0,1240000000.0,150.0,0.4414,0.1889
Sierra Leone,2005,6015.0,1424.0,2160000000.0,150.0,0.4958,0.2122
Sierra Leone,2010,6766.0,1637.0,3850000000.0,150.0,0.4958,0.2122
Sierra Leone,2015,7557.0,1749.0,4470000000.0,150.0,0.4958,0.2122
Slovakia,1980,5391.0,1599.0,27700000000.0,50.1,5.637,1.31
Slovakia,1985,5391.0,1599.0,27700000000.0,50.1,5.637,1.31
Slovakia,1990,5391.0,1599.0,27700000000.0,50.1,5.637,1.31
Slovakia,1995,5391.0,1599.0,27700000000.0,50.1,5.637,1.31
Slovakia,2000,5400.0,1438.0,35100000000.0,50.1,4.707,1.094
Slovakia,2005,5398.0,1402.0,86100000000.0,50.1,2.96,0.688
Slovakia,2010,5417.0,1412.0,93000000000.0,50.1,2.863,0.6653
Slovakia,2015,5448.0,1365.0,86600000000.0,50.1,2.302,0.535
Slovenia,1980,2006.0,236.0,12500000000.0,31.72,6.08,0.8992
Slovenia,1985,2006.0,236.0,12500000000.0,31.72,6.08,0.8992
Slovenia,1990,2006.0,236.0,12500000000.0,31.72,6.08,0.8992
Slovenia,1995,1988.0,205.0,20700000000.0,31.72,6.08,0.8992
Slovenia,2000,1988.0,198.0,23600000000.0,31.72,6.08,0.8992
Slovenia,2005,2014.0,201.0,48100000000.0,31.72,6.321,0.9349
Slovenia,2010,2060.0,235.7,46200000000.0,31.72,6.275,0.9281
Slovenia,2015,2080.0,237.7,42700000000.0,31.72,5.999,0.8873
Somalia,1980,6716.0,1010.0,774000000.0,14.4,6.024,0.81
Somalia,1985,7018.0,1035.0,1010000000.0,14.4,6.024,0.81
Somalia,1990,7489.0,1043.0,917000000.0,14.4,12.182666666666666,1.638
Somalia,1995,8137.0,1066.0,1923600000.0,14.4,18.34133333333333,2.466
Somalia,2000,9564.0,1226.0,2930200000.0,14.4,24.5,3.294
Somalia,2005,11039.0,1028.0,3936800000.0,14.4,24.5,3.294
Somalia,2010,12764.0,1025.0,4943400000.0,14.4,24.5,3.294
Somalia,2015,14743.0,1125.0,5950000000.0,14.4,24.5,3.294
South Africa,1980,31330.0,12655.0,80100000000.0,49.55,42.56,13.29
South Africa,1985,35230.0,12850.0,104000000000.0,49.55,42.56,13.29
South Africa,1990,39360.0,13473.0,131000000000.0,49.55,42.56,13.29
South Africa,1995,43657.0,14045.0,153000000000.0,49.55,41.24,12.88
South Africa,2000,47026.0,14100.0,115000000000.0,49.55,40.76,12.73
South Africa,2005,49887.0,12962.0,299000000000.0,49.55,45.195,14.115
South Africa,2010,52998.0,12913.0,397000000000.0,49.55,49.63,15.5
South Africa,2015,56717.0,12913.0,313000000000.0,49.55,49.63,15.5
South Sudan,1980,10818.0,2760.0,10400000000.0,49.5,4.226,0.658
South Sudan,1985,10818.0,2760.0,10400000000.0,49.5,4.226,0.658
South Sudan,1990,10818.0,2760.0,10400000000.0,49.5,4.226,0.658
South Sudan,1995,10818.0,2760.0,10400000000.0,49.5,4.226,0.658
South Sudan,2000,10818.0,2760.0,10400000000.0,49.5,4.226,0.658
South Sudan,2005,10818.0,2760.0,10400000000.0,49.5,4.226,0.658
South Sudan,2010,10818.0,2760.0,10400000000.0,49.5,4.226,0.658
South Sudan,2015,12576.0,2760.0,9020000000.0,49.5,4.226,0.658
Spain,1980,38310.0,20487.0,195000000000.0,109.8,54.42,39.92
Spain,1985,39057.0,20390.0,318000000000.0,109.8,62.51,45.85
Spain,1990,39515.0,19947.0,629000000000.0,109.8,50.17,36.8
Spain,1995,40132.0,19059.0,589000000000.0,109.8,47.03,34.5
Spain,2000,41986.0,17886.0,705000000000.0,109.8,48.41,35.51
Spain,2005,45394.0,17396.0,1480000000000.0,109.8,47.68,34.97
Spain,2010,46857.0,17539.0,1340000000000.0,109.8,50.1,36.75
Spain,2015,46354.0,17033.0,1200000000000.0,109.8,43.65,32.02
Sri Lanka,1980,15503.0,1857.0,4770000000.0,52.0,68.51,9.769
Sri Lanka,1985,16648.0,1895.0,6680000000.0,52.0,68.51,9.769
Sri Lanka,1990,17741.0,1905.0,9700000000.0,52.0,68.51,9.769
Sri Lanka,1995,18477.0,1888.0,15100000000.0,52.0,79.87,11.3895
Sri Lanka,2000,19059.0,1916.0,16500000000.0,52.0,91.23,13.01
Sri Lanka,2005,19811.0,1950.0,32400000000.0,52.0,90.81,12.95
Sri Lanka,2010,20425.0,2250.0,68400000000.0,52.0,90.81,12.95
Sri Lanka,2015,20877.0,2300.0,82300000000.0,52.0,90.81,12.95
Sudan,1980,35990.0,20012.0,62700000000.0,35.8,118.6,26.93
Sudan,1985,35990.0,20012.0,62700000000.0,35.8,118.6,26.93
Sudan,1990,35990.0,20012.0,62700000000.0,35.8,118.6,26.93
Sudan,1995,35990.0,20012.0,62700000000.0,35.8,118.6,26.93
Sudan,2000,35990.0,20012.0,62700000000.0,35.8,118.6,26.93
Sudan,2005,35990.0,20012.0,62700000000.0,35.8,118.6,26.93
Sudan,2010,35990.0,20012.0,62700000000.0,35.8,118.6,26.93
Sudan,2015,40533.0,19991.0,84100000000.0,35.8,118.6,26.93
Suriname,1980,364.0,55.0,915000000.0,99.0,2.951,0.46
Suriname,1985,383.7,68.0,980000000.0,99.0,2.951,0.46
Suriname,1990,422.8,68.0,405000000.0,99.0,3.4,0.53
Suriname,1995,456.0,67.0,930000000.0,99.0,3.849,0.6000000000000001
Suriname,2000,483.0,52.0,1080000000.0,99.0,4.298,0.67
Suriname,2005,509.7,52.0,2940000000.0,99.0,3.951,0.6159
Suriname,2010,537.1,57.0,4980000000.0,99.0,3.951,0.6159
Suriname,2015,563.4,71.0,4880000000.0,99.0,3.951,0.6159
Sweden,1980,8329.0,2950.0,113000000000.0,173.0,5.925,4.106
Sweden,1985,8421.0,2890.0,180000000000.0,173.0,4.286,2.97
Sweden,1990,8687.0,2768.0,280000000000.0,173.0,4.29,2.973
Sweden,1995,8869.0,2799.0,264000000000.0,173.0,3.912,2.711
Sweden,2000,8921.0,2680.0,264000000000.0,173.0,3.861,2.676
Sweden,2005,9163.0,2648.0,488000000000.0,173.0,3.795,2.63
Sweden,2010,9541.0,2608.0,544000000000.0,173.0,3.88,2.689
Sweden,2015,9911.0,2580.0,493000000000.0,173.0,3.88,2.689
Switzerland,1980,6342.0,410.9,111000000000.0,53.5,9.874,2.589
Switzerland,1985,6532.0,421.7,193000000000.0,53.5,10.09,2.646
Switzerland,1990,6815.0,429.4,271000000000.0,53.5,10.28,2.695
Switzerland,1995,7092.0,438.4,287000000000.0,53.5,9.76,2.559
Switzerland,2000,7244.0,432.3,301000000000.0,53.5,9.603,2.518
Switzerland,2005,7560.0,430.0,477000000000.0,53.5,8.625,2.2615
Switzerland,2010,8032.0,428.2,665000000000.0,53.5,7.647,2.005
Switzerland,2015,8476.0,423.8,665000000000.0,53.5,7.647,2.005
Syrian Arab Republic,1980,9590.0,5801.0,16300000000.0,12.63,128.5,14.43
Syrian Arab Republic,1985,11361.0,5630.0,11400000000.0,12.63,128.5,14.43
Syrian Arab Republic,1990,13187.0,5554.0,13300000000.0,12.63,128.5,14.43
Syrian Arab Republic,1995,15177.0,5521.0,14500000000.0,12.63,128.5,14.43
Syrian Arab Republic,2000,17088.0,5421.0,21600000000.0,12.63,145.7,16.36
Syrian Arab Republic,2005,19633.0,5683.0,40400000000.0,12.63,125.9,14.14
Syrian Arab Republic,2010,20421.0,5731.0,40400000000.0,12.63,125.9,14.14
Syrian Arab Republic,2015,18270.0,5733.0,40400000000.0,12.63,125.9,14.14
Tajikistan,1980,5503.0,985.0,1910000000.0,18.91,76.0,11.52
Tajikistan,1985,5503.0,985.0,1910000000.0,18.91,76.0,11.52
Tajikistan,1990,5503.0,985.0,1910000000.0,18.91,76.0,11.52
Tajikistan,1995,5934.0,917.0,922000000.0,18.91,76.0,11.52
Tajikistan,2000,6448.0,881.0,1220000000.0,18.91,76.92,11.66
Tajikistan,2005,7152.0,873.0,3720000000.0,18.91,73.82,11.19
Tajikistan,2010,7995.0,874.0,7630000000.0,18.91,73.82,11.19
Tajikistan,2015,8921.0,863.0,7850000000.0,18.91,73.82,11.19
Thailand,1980,49268.0,19099.0,36600000000.0,427.4,23.02,57.31
Thailand,1985,53964.0,20490.0,50500000000.0,427.4,23.02,57.31
Thailand,1990,57838.0,20574.0,111000000000.0,427.4,23.02,57.31
Thailand,1995,60864.0,19642.0,150000000000.0,427.4,23.02,57.31
Thailand,2000,64073.0,18889.0,134000000000.0,427.4,23.02,57.31
Thailand,2005,66196.0,19000.0,263000000000.0,427.4,23.02,57.31
Thailand,2010,67844.0,21060.0,397000000000.0,427.4,23.02,57.31
Thailand,2015,69038.0,21310.0,395000000000.0,427.4,23.02,57.31
Timor-Leste,1980,604.4,134.0,444000000.0,8.129,28.27,1.172
Timor-Leste,1985,699.5,149.0,444000000.0,8.129,28.27,1.172
Timor-Leste,1990,805.4,180.0,444000000.0,8.129,28.27,1.172
Timor-Leste,1995,872.0,193.0,444000000.0,8.129,28.27,1.172
Timor-Leste,2000,923.8,212.0,444000000.0,8.129,28.27,1.172
Timor-Leste,2005,1065.0,225.0,559000000.0,8.129,28.27,1.172
Timor-Leste,2010,1157.0,234.0,1300000000.0,8.129,28.27,1.172
Timor-Leste,2015,1296.0,230.0,1410000000.0,8.129,28.27,1.172
Togo,1980,2915.0,2035.0,822000000.0,14.0,1.384,0.091
Togo,1985,3474.0,2110.0,1250000000.0,14.0,1.384,0.091
Togo,1990,3973.0,2195.0,1690000000.0,14.0,1.7793333333333332,0.117
Togo,1995,4535.0,2450.0,1500000000.0,14.0,2.1746666666666665,0.14300000000000002
Togo,2000,5251.0,2505.0,1470000000.0,14.0,2.57,0.169
Togo,2005,5997.0,2495.0,2520000000.0,14.0,2.57,0.169
Togo,2010,6859.0,2850.0,3870000000.0,14.0,2.57,0.169
Togo,2015,7798.0,2820.0,4000000000.0,14.0,2.57,0.169
Trinidad and Tobago,1980,1121.0,82.0,8140000000.0,3.74,17.96,0.297
Trinidad and Tobago,1985,1195.0,65.0,4800000000.0,3.74,17.96,0.297
Trinidad and Tobago,1990,1237.0,75.0,5320000000.0,3.74,17.96,0.297
Trinidad and Tobago,1995,1261.0,65.0,5740000000.0,3.74,17.96,0.297
Trinidad and Tobago,2000,1278.0,53.0,9010000000.0,3.74,18.98,0.314
Trinidad and Tobago,2005,1309.0,47.0,21600000000.0,3.74,18.68,0.309
Trinidad and Tobago,2010,1342.0,47.0,24600000000.0,3.74,20.33,0.3362
Trinidad and Tobago,2015,1369.0,47.0,27800000000.0,3.74,20.33,0.3362
Tunisia,1980,6734.0,4860.0,8130000000.0,3.42,48.24,1.9
Tunisia,1985,7692.0,4860.0,9700000000.0,3.42,58.4,2.3
Tunisia,1990,8603.0,4881.0,15500000000.0,3.42,77.88,3.067
Tunisia,1995,9384.0,4917.0,20700000000.0,3.42,72.34,2.849
Tunisia,2000,9864.0,4908.0,23100000000.0,3.42,71.33,2.809
Tunisia,2005,10298.0,4935.0,38900000000.0,3.42,76.505,3.013
Tunisia,2010,10887.0,5123.0,45000000000.0,3.42,81.68,3.217
Tunisia,2015,11532.0,5232.0,43000000000.0,3.42,121.1,4.768
Turkey,1980,46025.0,27091.0,64500000000.0,171.8,23.47,31.6
Turkey,1985,410401.0,27927.0,87200000000.0,171.8,23.47,31.6
Turkey,1990,55749.0,27526.0,158000000000.0,171.8,23.47,31.6
Turkey,1995,60372.0,26864.0,190000000000.0,171.8,26.9725,36.3125
Turkey,2000,65143.0,26579.0,233000000000.0,171.8,30.475,41.025
Turkey,2005,69597.0,24888.0,647000000000.0,171.8,31.17,41.96
Turkey,2010,74570.0,23790.0,789000000000.0,171.8,37.465,50.44
Turkey,2015,80745.0,23710.0,718000000000.0,171.8,43.76,58.92
Turkmenistan,1980,3900.0,1550.0,3200000000.0,24.36,122.1,23.7
Turkmenistan,1985,3900.0,1550.0,3200000000.0,24.36,122.1,23.7
Turkmenistan,1990,3900.0,1550.0,3200000000.0,24.36,122.1,23.7
Turkmenistan,1995,4355.0,1800.0,2450000000.0,24.36,122.1,23.7
Turkmenistan,2000,4610.0,2100.0,4460000000.0,24.36,128.3,24.91
Turkmenistan,2005,4870.0,2100.0,12700000000.0,24.36,143.5,27.87
Turkmenistan,2010,5268.0,2000.0,35200000000.0,24.36,143.5,27.87
Turkmenistan,2015,5758.0,2000.0,37300000000.0,24.36,143.5,27.87
Uganda,1980,13323.0,5840.0,2180000000.0,60.1,2.904,0.3174
Uganda,1985,15695.0,6705.0,6270000000.0,60.1,2.904,0.3174
Uganda,1990,18653.0,6940.0,2860000000.0,60.1,2.904,0.3174
Uganda,1995,21866.0,7060.0,6270000000.0,60.1,2.904,0.3174
Uganda,2000,25718.0,7700.0,6180000000.0,60.1,2.904,0.3174
Uganda,2005,30590.0,8450.0,12300000000.0,60.1,5.828,0.637
Uganda,2010,36307.0,9150.0,23200000000.0,60.1,5.828,0.637
Uganda,2015,42863.0,9100.0,26400000000.0,60.1,5.828,0.637
Ukraine,1980,51417.0,34456.0,73900000000.0,170.3,33.68,26.0
Ukraine,1985,51417.0,34456.0,73900000000.0,170.3,33.68,26.0
Ukraine,1990,51417.0,34456.0,73900000000.0,170.3,33.68,26.0
Ukraine,1995,50189.0,34081.0,50200000000.0,170.3,28.68,22.14
Ukraine,2000,47980.0,33457.0,42400000000.0,170.3,23.68,18.28
Ukraine,2005,46386.0,33333.0,143000000000.0,170.3,19.53,15.08
Ukraine,2010,45349.0,33412.0,176000000000.0,170.3,19.24,14.85
Ukraine,2015,44223.0,33673.0,90600000000.0,170.3,12.69,9.8
United Arab Emirates,1980,1190.0,27.0,46600000000.0,0.15,600.0,0.9
United Arab Emirates,1985,1561.0,38.0,36400000000.0,0.15,783.0,1.1743333333333335
United Arab Emirates,1990,2087.0,69.0,54200000000.0,0.15,966.0,1.4486666666666668
United Arab Emirates,1995,2700.0,95.0,78800000000.0,0.15,1149.0,1.723
United Arab Emirates,2000,3507.0,266.0,110000000000.0,0.15,1556.0,2.334
United Arab Emirates,2005,6044.0,232.6,258000000000.0,0.15,1867.0,2.8
United Arab Emirates,2010,8900.0,76.7,373000000000.0,0.15,1867.0,2.8
United Arab Emirates,2015,9400.0,83.8,370000000000.0,0.15,1867.0,2.8
United Kingdom,1980,56296.0,6986.0,515000000000.0,146.2,22.98,13.48
United Kingdom,1985,56709.0,7003.0,745000000000.0,146.2,19.61,11.5
United Kingdom,1990,57495.0,6618.0,1180000000000.0,146.2,20.49,12.02
United Kingdom,1995,58347.0,6425.0,1450000000000.0,146.2,20.61,12.09
United Kingdom,2000,59349.0,5836.0,1680000000000.0,146.2,26.91,15.78
United Kingdom,2005,61415.0,6131.0,2970000000000.0,146.2,14.46,8.48
United Kingdom,2010,64250.0,6258.0,2630000000000.0,146.2,13.67,8.017
United Kingdom,2015,66182.0,6073.0,2850000000000.0,146.2,14.36,8.42
United Republic of Tanzania,1980,19892.0,9000.0,4600000000.0,92.27,12.96,5.184
United Republic of Tanzania,1985,23199.0,10000.0,4600000000.0,92.27,12.96,5.184
United Republic of Tanzania,1990,27220.0,9800.0,4600000000.0,92.27,12.96,5.184
United Republic of Tanzania,1995,31635.0,10003.0,7680000000.0,92.27,12.96,5.184
United Republic of Tanzania,2000,36106.0,10200.0,10800000000.0,92.27,12.96,5.184
United Republic of Tanzania,2005,41924.0,11650.0,21500000000.0,92.27,12.96,5.184
United Republic of Tanzania,2010,49083.0,15700.0,39100000000.0,92.27,12.96,5.184
United Republic of Tanzania,2015,57310.0,15650.0,44900000000.0,92.27,12.96,5.184
United States of America,1980,234133.0,189799.0,3340000000000.0,2913.0,32.8,517.6
United States of America,1985,245403.0,187776.0,4870000000000.0,2913.0,31.134999999999998,491.35
United States of America,1990,257454.0,186180.0,6540000000000.0,2913.0,29.47,465.1
United States of America,1995,272137.0,180092.0,8610000000000.0,2913.0,29.740000000000002,469.3
United States of America,2000,287507.0,175707.0,11000000000000.0,2913.0,30.01,473.5
United States of America,2005,300595.0,164480.0,14500000000000.0,2913.0,30.33,478.6
United States of America,2010,313335.0,157708.0,16200000000000.0,2913.0,26.53,418.7
United States of America,2015,324459.0,154862.0,17900000000000.0,2913.0,28.16,444.3
Uruguay,1980,2954.0,1416.0,9180000000.0,172.2,9.786,3.66
Uruguay,1985,3050.0,1335.0,7370000000.0,172.2,9.786,3.66
Uruguay,1990,3155.0,1312.0,12900000000.0,172.2,9.786,3.66
Uruguay,1995,3271.0,1376.0,24000000000.0,172.2,9.786,3.66
Uruguay,2000,3328.0,1423.0,13600000000.0,172.2,9.786,3.66
Uruguay,2005,3340.0,1509.0,23400000000.0,172.2,9.786,3.66
Uruguay,2010,3397.0,2192.0,51300000000.0,172.2,9.786,3.66
Uruguay,2015,3457.0,2450.0,53400000000.0,172.2,9.786,3.66
Uzbekistan,1980,21443.0,4854.0,12900000000.0,42.07,154.2,53.76
Uzbekistan,1985,21443.0,4854.0,12900000000.0,42.07,154.2,53.76
Uzbekistan,1990,21443.0,4854.0,12900000000.0,42.07,154.2,53.76
Uzbekistan,1995,23715.0,4840.0,14700000000.0,42.07,154.2,53.76
Uzbekistan,2000,254105.0,4827.0,9690000000.0,42.07,154.1,53.74
Uzbekistan,2005,27292.0,4690.0,22300000000.0,42.07,141.0,49.16
Uzbekistan,2010,29541.0,4750.0,51200000000.0,42.07,146.25,50.995
Uzbekistan,2015,31911.0,4770.0,66700000000.0,42.07,151.5,52.83
Venezuela (Bolivarian Republic of),1980,16186.0,3560.0,76700000000.0,1303.0,3.02,9.059
Venezuela (Bolivarian Republic of),1985,18438.0,3860.0,45300000000.0,1303.0,3.02,9.059
Venezuela (Bolivarian Republic of),1990,20799.0,3362.0,58500000000.0,1303.0,3.02,9.059
Venezuela (Bolivarian Republic of),1995,23110.0,3396.0,85800000000.0,1303.0,3.02,9.059
Venezuela (Bolivarian Republic of),2000,25409.0,3300.0,92900000000.0,1303.0,3.02,9.059
Venezuela (Bolivarian Republic of),2005,27692.0,3359.0,230000000000.0,1303.0,7.54,22.62
Venezuela (Bolivarian Republic of),2010,29893.0,3400.0,376000000000.0,1303.0,7.54,22.62
Venezuela (Bolivarian Republic of),2015,31977.0,3400.0,376000000000.0,1303.0,7.54,22.62
Viet Nam,1980,56932.0,6580.0,36700000000.0,847.7,8.385,37.86
Viet Nam,1985,63881.0,6387.0,36700000000.0,847.7,10.03,45.27
Viet Nam,1990,71130.0,6697.0,9870000000.0,847.7,12.055,54.417500000000004
Viet Nam,1995,77453.0,7202.0,26800000000.0,847.7,14.079999999999998,63.565
Viet Nam,2000,81956.0,8813.0,37900000000.0,847.7,16.104999999999997,72.7125
Viet Nam,2005,85890.0,9421.0,77400000000.0,847.7,18.13,81.86
Viet Nam,2010,90452.0,10151.0,156000000000.0,847.7,18.13,81.86
Viet Nam,2015,95541.0,11536.0,194000000000.0,847.7,18.13,81.86
Yemen,1980,8765.0,1465.0,6460000000.0,2.0,139.1,2.922
Yemen,1985,10629.0,1479.0,6460000000.0,2.0,139.1,2.922
Yemen,1990,13326.0,1481.0,6460000000.0,2.0,139.1,2.922
Yemen,1995,16409.0,1720.0,6840000000.0,2.0,150.1,3.153
Yemen,2000,18919.0,1656.0,10700000000.0,2.0,161.1,3.384
Yemen,2005,21752.0,1627.0,25600000000.0,2.0,168.6,3.54
Yemen,2010,24910.0,1550.0,34050000000.0,2.0,168.6,3.54
Yemen,2015,28250.0,1546.0,34050000000.0,2.0,168.6,3.54
Zambia,1980,6306.0,2228.0,3870000000.0,104.8,3.151,1.747
Zambia,1985,7386.0,2586.0,2270000000.0,104.8,3.151,1.747
Zambia,1990,8452.0,2800.0,3180000000.0,104.8,3.151,1.747
Zambia,1995,9667.0,2836.0,4300000000.0,104.8,3.077,1.706
Zambia,2000,11120.0,2616.0,4190000000.0,104.8,2.835,1.572
Zambia,2005,12726.0,2984.0,14100000000.0,104.8,2.835,1.572
Zambia,2010,14700.0,3836.0,25500000000.0,104.8,2.835,1.572
Zambia,2015,17094.0,3836.0,21200000000.0,104.8,2.835,1.572
Zimbabwe,1980,7722.0,2685.0,8540000000.0,19.0,11.45,1.22
Zimbabwe,1985,9293.0,2890.0,6740000000.0,19.0,11.45,1.22
Zimbabwe,1990,10683.0,3090.0,6750000000.0,19.0,20.79333333333333,2.215
Zimbabwe,1995,11710.0,3600.0,8530000000.0,19.0,30.136666666666663,3.21
Zimbabwe,2000,12501.0,3750.0,6340000000.0,19.0,39.48,4.205
Zimbabwe,2005,13330.0,4100.0,5290000000.0,19.0,33.51,3.57
Zimbabwe,2010,14711.0,4100.0,12400000000.0,19.0,33.51,3.57
Zimbabwe,2015,16530.0,4100.0,13900000000.0,19.0,33.51,3.57
